Data,Origem da inscrição,Inscritos
2025-04-13,Outro,1
2025-04-14,Outro,0
2025-04-15,Outro,-1
2025-04-16,Outro,-3
2025-04-17,Outro,0
2025-04-18,Outro,0
2025-04-19,Outro,0
2025-04-20,Outro,0
2025-04-21,Outro,-1
2025-04-22,Outro,0
2025-04-23,Outro,0
2025-04-24,Outro,0
2025-04-25,Outro,0
2025-04-26,Outro,0
2025-04-27,Outro,-2
2025-04-28,Outro,0
2025-04-29,Outro,0
2025-04-30,Outro,0
2025-05-01,Outro,0
2025-05-02,Outro,0
2025-05-03,Outro,-2
2025-05-04,Outro,0
2025-05-05,Outro,0
2025-05-06,Outro,0
2025-05-07,Outro,0
2025-05-08,Outro,0
2025-05-09,Outro,0
2025-05-10,Outro,0
2025-05-11,Outro,0
2025-05-12,Outro,0
2025-05-13,Outro,0
2025-05-14,Outro,0
2025-05-15,Outro,0
2025-05-16,Outro,0
2025-05-17,Outro,0
2025-05-18,Outro,0
2025-05-19,Outro,0
2025-05-20,Outro,0
2025-05-21,Outro,0
2025-05-22,Outro,0
2025-05-23,Outro,0
2025-05-24,Outro,0
2025-05-25,Outro,0
2025-05-26,Outro,0
2025-05-27,Outro,0
2025-05-28,Outro,-1
2025-05-29,Outro,-2
2025-05-30,Outro,0
2025-05-31,Outro,-1
2025-06-01,Outro,0
2025-06-02,Outro,0
2025-06-03,Outro,0
2025-06-04,Outro,-2
2025-06-05,Outro,0
2025-06-06,Outro,0
2025-06-07,Outro,0
2025-06-08,Outro,0
2025-06-09,Outro,0
2025-06-10,Outro,0
2025-06-11,Outro,-1
2025-06-12,Outro,0
2025-06-13,Outro,-1
2025-06-14,Outro,0
2025-06-15,Outro,0
2025-06-16,Outro,0
2025-06-17,Outro,0
2025-06-18,Outro,0
2025-06-19,Outro,0
2025-06-20,Outro,-1
2025-06-21,Outro,0
2025-06-22,Outro,0
2025-06-23,Outro,-1
2025-06-24,Outro,1
2025-06-25,Outro,0
2025-06-26,Outro,0
2025-06-27,Outro,-1
2025-06-28,Outro,-1
2025-06-29,Outro,0
2025-06-30,Outro,0
2025-07-01,Outro,0
2025-07-02,Outro,0
2025-07-03,Outro,0
2025-07-04,Outro,0
2025-07-05,Outro,0
2025-07-06,Outro,0
2025-07-07,Outro,0
2025-07-08,Outro,0
2025-07-09,Outro,0
2025-07-10,Outro,0
2025-07-11,Outro,0
2025-07-12,Outro,0
2025-07-13,Outro,-1
2025-07-14,Outro,0
2025-07-15,Outro,0
2025-07-16,Outro,0
2025-07-17,Outro,0
2025-07-18,Outro,0
2025-07-19,Outro,0
2025-07-20,Outro,0
2025-07-21,Outro,0
2025-07-22,Outro,0
2025-07-23,Outro,0
2025-07-24,Outro,0
2025-07-25,Outro,0
2025-07-26,Outro,0
2025-07-27,Outro,0
2025-07-28,Outro,0
2025-07-29,Outro,0
2025-07-30,Outro,0
2025-07-31,Outro,0
2025-08-01,Outro,0
2025-08-02,Outro,0
2025-08-03,Outro,0
2025-08-04,Outro,-1
2025-08-05,Outro,0
2025-08-06,Outro,0
2025-08-07,Outro,0
2025-08-08,Outro,-1
2025-08-09,Outro,0
2025-08-10,Outro,0
2025-08-11,Outro,0
2025-08-12,Outro,0
2025-08-13,Outro,0
2025-08-14,Outro,0
2025-08-15,Outro,0
2025-08-16,Outro,-1
2025-08-17,Outro,-1
2025-08-18,Outro,-1
2025-08-19,Outro,0
2025-08-20,Outro,0
2025-08-21,Outro,0
2025-08-22,Outro,0
2025-08-23,Outro,0
2025-08-24,Outro,1
2025-08-25,Outro,-1
2025-08-26,Outro,0
2025-08-27,Outro,0
2025-08-28,Outro,0
2025-08-29,Outro,0
2025-08-30,Outro,0
2025-08-31,Outro,-1
2025-09-01,Outro,0
2025-09-02,Outro,-1
2025-09-03,Outro,0
2025-09-04,Outro,0
2025-09-05,Outro,0
2025-09-06,Outro,0
2025-09-07,Outro,0
2025-09-08,Outro,0
2025-09-09,Outro,0
2025-09-10,Outro,0
2025-09-11,Outro,0
2025-09-12,Outro,0
2025-09-13,Outro,0
2025-09-14,Outro,0
2025-09-15,Outro,0
2025-09-16,Outro,0
2025-09-17,Outro,0
2025-09-18,Outro,0
2025-09-19,Outro,0
2025-09-20,Outro,0
2025-09-21,Outro,0
2025-09-22,Outro,-1
2025-09-23,Outro,-1
2025-09-24,Outro,0
2025-09-25,Outro,0
2025-09-26,Outro,0
2025-09-27,Outro,-1
2025-09-28,Outro,0
2025-09-29,Outro,0
2025-09-30,Outro,-2
2025-10-01,Outro,0
2025-10-02,Outro,0
2025-10-03,Outro,0
2025-10-04,Outro,0
2025-10-05,Outro,0
2025-10-06,Outro,0
2025-10-07,Outro,-1
2025-10-08,Outro,0
2025-10-09,Outro,-1
2025-10-10,Outro,0
2025-10-11,Outro,0
2025-10-12,Outro,0
2025-10-13,Outro,0
2025-10-14,Outro,0
2025-10-15,Outro,0
2025-10-16,Outro,0
2025-10-17,Outro,0
2025-10-18,Outro,0
2025-10-19,Outro,0
2025-10-20,Outro,0
2025-10-21,Outro,0
2025-10-22,Outro,0
2025-10-23,Outro,0
2025-10-24,Outro,0
2025-10-25,Outro,0
2025-10-26,Outro,-1
2025-10-27,Outro,1
2025-10-28,Outro,0
2025-10-29,Outro,0
2025-10-30,Outro,0
2025-10-31,Outro,0
2025-11-01,Outro,0
2025-11-02,Outro,0
2025-11-03,Outro,0
2025-11-04,Outro,0
2025-11-05,Outro,0
2025-11-06,Outro,0
2025-11-07,Outro,0
2025-11-08,Outro,0
2025-11-09,Outro,0
2025-11-10,Outro,0
2025-11-11,Outro,0
2025-11-12,Outro,0
2025-11-13,Outro,0
2025-11-14,Outro,0
2025-11-15,Outro,-1
2025-11-16,Outro,0
2025-11-17,Outro,0
2025-11-18,Outro,-1
2025-11-19,Outro,-1
2025-11-20,Outro,0
2025-11-21,Outro,0
2025-11-22,Outro,0
2025-11-23,Outro,0
2025-11-24,Outro,0
2025-11-25,Outro,0
2025-11-26,Outro,0
2025-11-27,Outro,0
2025-11-28,Outro,0
2025-11-29,Outro,0
2025-11-30,Outro,1
2025-12-01,Outro,0
2025-12-02,Outro,0
2025-12-03,Outro,0
2025-12-04,Outro,0
2025-12-05,Outro,0
2025-12-06,Outro,0
2025-12-07,Outro,0
2025-12-08,Outro,0
2025-12-09,Outro,-3
2025-12-10,Outro,0
2025-12-11,Outro,-1
2025-12-12,Outro,-1
2025-12-13,Outro,0
2025-12-14,Outro,0
2025-12-15,Outro,0
2025-12-16,Outro,0
2025-12-17,Outro,0
2025-12-18,Outro,0
2025-12-19,Outro,0
2025-12-20,Outro,0
2025-12-21,Outro,0
2025-12-22,Outro,0
2025-12-23,Outro,0
2025-12-24,Outro,0
2025-12-25,Outro,0
2025-12-26,Outro,0
2025-12-27,Outro,0
2025-12-28,Outro,0
2025-12-29,Outro,0
2025-12-30,Outro,0
2025-12-31,Outro,0
2026-01-01,Outro,0
2026-01-02,Outro,-1
2026-01-03,Outro,-1
2026-01-04,Outro,-2
2026-01-05,Outro,0
2026-01-06,Outro,-1
2026-01-07,Outro,-1
2026-01-08,Outro,0
2026-01-09,Outro,0
2026-01-10,Outro,0
2026-01-11,Outro,0
2026-01-12,Outro,0
2026-01-13,Outro,0
2026-01-14,Outro,0
2026-01-15,Outro,0
2026-01-16,Outro,-1
2026-01-17,Outro,-1
2026-01-18,Outro,-2
2026-01-19,Outro,0
2026-01-20,Outro,0
2026-01-21,Outro,-3
2026-01-22,Outro,0
2026-01-23,Outro,0
2026-01-24,Outro,0
2026-01-25,Outro,0
2026-01-26,Outro,0
2026-01-27,Outro,0
2026-01-28,Outro,0
2026-01-29,Outro,0
2026-01-30,Outro,-1
2026-01-31,Outro,0
2026-02-01,Outro,0
2026-02-02,Outro,0
2026-02-03,Outro,0
2026-02-04,Outro,0
2026-02-05,Outro,0
2026-02-06,Outro,0
2026-02-07,Outro,-1
2026-02-08,Outro,0
2026-02-09,Outro,0
2026-02-10,Outro,0
2026-02-11,Outro,0
2026-02-12,Outro,0
2026-02-13,Outro,0
2026-02-14,Outro,0
2026-02-15,Outro,0
2026-02-16,Outro,0
2026-02-17,Outro,0
2026-02-18,Outro,0
2026-02-19,Outro,-1
2026-02-20,Outro,0
2026-02-21,Outro,0
2026-02-22,Outro,-1
2026-02-23,Outro,-1
2026-02-24,Outro,0
2026-02-25,Outro,0
2026-02-26,Outro,-1
2026-02-27,Outro,-1
2026-02-28,Outro,0
2026-03-01,Outro,0
2026-03-02,Outro,0
2026-03-03,Outro,0
2026-03-04,Outro,-2
2026-03-05,Outro,0
2026-03-06,Outro,0
2026-03-07,Outro,0
2026-03-08,Outro,1
2026-03-09,Outro,0
2026-03-10,Outro,0
2026-03-11,Outro,0
2026-03-12,Outro,0
2026-03-13,Outro,-1
2026-03-14,Outro,0
2026-03-15,Outro,0
2026-03-16,Outro,0
2026-03-17,Outro,0
2026-03-18,Outro,-1
2026-03-19,Outro,0
2026-03-20,Outro,0
2026-03-21,Outro,-1
2026-03-22,Outro,0
2026-03-23,Outro,0
2026-03-24,Outro,-1
2026-03-25,Outro,-1
2026-03-26,Outro,0
2026-03-27,Outro,0
2026-03-28,Outro,0
2026-03-29,Outro,0
2026-03-30,Outro,0
2026-03-31,Outro,0
2026-04-01,Outro,-1
2026-04-02,Outro,-1
2026-04-03,Outro,0
2026-04-04,Outro,0
2026-04-05,Outro,0
2026-04-06,Outro,0
2026-04-07,Outro,0
2026-04-08,Outro,0
2026-04-09,Outro,1
2026-04-10,Outro,-1
2026-04-11,Outro,0
2026-04-12,Outro,0
2025-04-13,Página de exibição do YouTube,0
2025-04-14,Página de exibição do YouTube,0
2025-04-15,Página de exibição do YouTube,0
2025-04-16,Página de exibição do YouTube,0
2025-04-17,Página de exibição do YouTube,0
2025-04-18,Página de exibição do YouTube,0
2025-04-19,Página de exibição do YouTube,0
2025-04-20,Página de exibição do YouTube,0
2025-04-21,Página de exibição do YouTube,0
2025-04-22,Página de exibição do YouTube,0
2025-04-23,Página de exibição do YouTube,0
2025-04-24,Página de exibição do YouTube,0
2025-04-25,Página de exibição do YouTube,0
2025-04-26,Página de exibição do YouTube,0
2025-04-27,Página de exibição do YouTube,0
2025-04-28,Página de exibição do YouTube,0
2025-04-29,Página de exibição do YouTube,0
2025-04-30,Página de exibição do YouTube,0
2025-05-01,Página de exibição do YouTube,0
2025-05-02,Página de exibição do YouTube,0
2025-05-03,Página de exibição do YouTube,0
2025-05-04,Página de exibição do YouTube,0
2025-05-05,Página de exibição do YouTube,0
2025-05-06,Página de exibição do YouTube,0
2025-05-07,Página de exibição do YouTube,0
2025-05-08,Página de exibição do YouTube,1
2025-05-09,Página de exibição do YouTube,0
2025-05-10,Página de exibição do YouTube,0
2025-05-11,Página de exibição do YouTube,0
2025-05-12,Página de exibição do YouTube,0
2025-05-13,Página de exibição do YouTube,0
2025-05-14,Página de exibição do YouTube,0
2025-05-15,Página de exibição do YouTube,0
2025-05-16,Página de exibição do YouTube,0
2025-05-17,Página de exibição do YouTube,0
2025-05-18,Página de exibição do YouTube,0
2025-05-19,Página de exibição do YouTube,0
2025-05-20,Página de exibição do YouTube,0
2025-05-21,Página de exibição do YouTube,0
2025-05-22,Página de exibição do YouTube,0
2025-05-23,Página de exibição do YouTube,0
2025-05-24,Página de exibição do YouTube,0
2025-05-25,Página de exibição do YouTube,0
2025-05-26,Página de exibição do YouTube,0
2025-05-27,Página de exibição do YouTube,0
2025-05-28,Página de exibição do YouTube,0
2025-05-29,Página de exibição do YouTube,0
2025-05-30,Página de exibição do YouTube,0
2025-05-31,Página de exibição do YouTube,0
2025-06-01,Página de exibição do YouTube,0
2025-06-02,Página de exibição do YouTube,0
2025-06-03,Página de exibição do YouTube,0
2025-06-04,Página de exibição do YouTube,0
2025-06-05,Página de exibição do YouTube,0
2025-06-06,Página de exibição do YouTube,0
2025-06-07,Página de exibição do YouTube,0
2025-06-08,Página de exibição do YouTube,0
2025-06-09,Página de exibição do YouTube,0
2025-06-10,Página de exibição do YouTube,0
2025-06-11,Página de exibição do YouTube,1
2025-06-12,Página de exibição do YouTube,0
2025-06-13,Página de exibição do YouTube,0
2025-06-14,Página de exibição do YouTube,0
2025-06-15,Página de exibição do YouTube,0
2025-06-16,Página de exibição do YouTube,0
2025-06-17,Página de exibição do YouTube,0
2025-06-18,Página de exibição do YouTube,0
2025-06-19,Página de exibição do YouTube,0
2025-06-20,Página de exibição do YouTube,0
2025-06-21,Página de exibição do YouTube,0
2025-06-22,Página de exibição do YouTube,0
2025-06-23,Página de exibição do YouTube,0
2025-06-24,Página de exibição do YouTube,0
2025-06-25,Página de exibição do YouTube,0
2025-06-26,Página de exibição do YouTube,0
2025-06-27,Página de exibição do YouTube,0
2025-06-28,Página de exibição do YouTube,0
2025-06-29,Página de exibição do YouTube,0
2025-06-30,Página de exibição do YouTube,0
2025-07-01,Página de exibição do YouTube,0
2025-07-02,Página de exibição do YouTube,0
2025-07-03,Página de exibição do YouTube,0
2025-07-04,Página de exibição do YouTube,0
2025-07-05,Página de exibição do YouTube,0
2025-07-06,Página de exibição do YouTube,0
2025-07-07,Página de exibição do YouTube,0
2025-07-08,Página de exibição do YouTube,0
2025-07-09,Página de exibição do YouTube,0
2025-07-10,Página de exibição do YouTube,0
2025-07-11,Página de exibição do YouTube,0
2025-07-12,Página de exibição do YouTube,0
2025-07-13,Página de exibição do YouTube,0
2025-07-14,Página de exibição do YouTube,0
2025-07-15,Página de exibição do YouTube,0
2025-07-16,Página de exibição do YouTube,0
2025-07-17,Página de exibição do YouTube,1
2025-07-18,Página de exibição do YouTube,0
2025-07-19,Página de exibição do YouTube,0
2025-07-20,Página de exibição do YouTube,0
2025-07-21,Página de exibição do YouTube,0
2025-07-22,Página de exibição do YouTube,0
2025-07-23,Página de exibição do YouTube,0
2025-07-24,Página de exibição do YouTube,0
2025-07-25,Página de exibição do YouTube,0
2025-07-26,Página de exibição do YouTube,0
2025-07-27,Página de exibição do YouTube,1
2025-07-28,Página de exibição do YouTube,0
2025-07-29,Página de exibição do YouTube,0
2025-07-30,Página de exibição do YouTube,0
2025-07-31,Página de exibição do YouTube,0
2025-08-01,Página de exibição do YouTube,0
2025-08-02,Página de exibição do YouTube,0
2025-08-03,Página de exibição do YouTube,0
2025-08-04,Página de exibição do YouTube,0
2025-08-05,Página de exibição do YouTube,0
2025-08-06,Página de exibição do YouTube,0
2025-08-07,Página de exibição do YouTube,0
2025-08-08,Página de exibição do YouTube,0
2025-08-09,Página de exibição do YouTube,0
2025-08-10,Página de exibição do YouTube,0
2025-08-11,Página de exibição do YouTube,0
2025-08-12,Página de exibição do YouTube,0
2025-08-13,Página de exibição do YouTube,0
2025-08-14,Página de exibição do YouTube,0
2025-08-15,Página de exibição do YouTube,0
2025-08-16,Página de exibição do YouTube,0
2025-08-17,Página de exibição do YouTube,0
2025-08-18,Página de exibição do YouTube,0
2025-08-19,Página de exibição do YouTube,0
2025-08-20,Página de exibição do YouTube,0
2025-08-21,Página de exibição do YouTube,0
2025-08-22,Página de exibição do YouTube,0
2025-08-23,Página de exibição do YouTube,0
2025-08-24,Página de exibição do YouTube,0
2025-08-25,Página de exibição do YouTube,0
2025-08-26,Página de exibição do YouTube,0
2025-08-27,Página de exibição do YouTube,0
2025-08-28,Página de exibição do YouTube,0
2025-08-29,Página de exibição do YouTube,0
2025-08-30,Página de exibição do YouTube,0
2025-08-31,Página de exibição do YouTube,0
2025-09-01,Página de exibição do YouTube,0
2025-09-02,Página de exibição do YouTube,0
2025-09-03,Página de exibição do YouTube,1
2025-09-04,Página de exibição do YouTube,0
2025-09-05,Página de exibição do YouTube,0
2025-09-06,Página de exibição do YouTube,0
2025-09-07,Página de exibição do YouTube,0
2025-09-08,Página de exibição do YouTube,0
2025-09-09,Página de exibição do YouTube,0
2025-09-10,Página de exibição do YouTube,0
2025-09-11,Página de exibição do YouTube,0
2025-09-12,Página de exibição do YouTube,0
2025-09-13,Página de exibição do YouTube,0
2025-09-14,Página de exibição do YouTube,0
2025-09-15,Página de exibição do YouTube,0
2025-09-16,Página de exibição do YouTube,0
2025-09-17,Página de exibição do YouTube,0
2025-09-18,Página de exibição do YouTube,0
2025-09-19,Página de exibição do YouTube,0
2025-09-20,Página de exibição do YouTube,0
2025-09-21,Página de exibição do YouTube,0
2025-09-22,Página de exibição do YouTube,0
2025-09-23,Página de exibição do YouTube,0
2025-09-24,Página de exibição do YouTube,0
2025-09-25,Página de exibição do YouTube,0
2025-09-26,Página de exibição do YouTube,0
2025-09-27,Página de exibição do YouTube,0
2025-09-28,Página de exibição do YouTube,0
2025-09-29,Página de exibição do YouTube,0
2025-09-30,Página de exibição do YouTube,0
2025-10-01,Página de exibição do YouTube,0
2025-10-02,Página de exibição do YouTube,1
2025-10-03,Página de exibição do YouTube,0
2025-10-04,Página de exibição do YouTube,0
2025-10-05,Página de exibição do YouTube,0
2025-10-06,Página de exibição do YouTube,0
2025-10-07,Página de exibição do YouTube,0
2025-10-08,Página de exibição do YouTube,0
2025-10-09,Página de exibição do YouTube,0
2025-10-10,Página de exibição do YouTube,0
2025-10-11,Página de exibição do YouTube,0
2025-10-12,Página de exibição do YouTube,0
2025-10-13,Página de exibição do YouTube,0
2025-10-14,Página de exibição do YouTube,0
2025-10-15,Página de exibição do YouTube,0
2025-10-16,Página de exibição do YouTube,0
2025-10-17,Página de exibição do YouTube,0
2025-10-18,Página de exibição do YouTube,0
2025-10-19,Página de exibição do YouTube,0
2025-10-20,Página de exibição do YouTube,0
2025-10-21,Página de exibição do YouTube,0
2025-10-22,Página de exibição do YouTube,0
2025-10-23,Página de exibição do YouTube,1
2025-10-24,Página de exibição do YouTube,0
2025-10-25,Página de exibição do YouTube,0
2025-10-26,Página de exibição do YouTube,0
2025-10-27,Página de exibição do YouTube,0
2025-10-28,Página de exibição do YouTube,0
2025-10-29,Página de exibição do YouTube,0
2025-10-30,Página de exibição do YouTube,0
2025-10-31,Página de exibição do YouTube,1
2025-11-01,Página de exibição do YouTube,0
2025-11-02,Página de exibição do YouTube,0
2025-11-03,Página de exibição do YouTube,0
2025-11-04,Página de exibição do YouTube,0
2025-11-05,Página de exibição do YouTube,0
2025-11-06,Página de exibição do YouTube,0
2025-11-07,Página de exibição do YouTube,0
2025-11-08,Página de exibição do YouTube,0
2025-11-09,Página de exibição do YouTube,0
2025-11-10,Página de exibição do YouTube,0
2025-11-11,Página de exibição do YouTube,0
2025-11-12,Página de exibição do YouTube,0
2025-11-13,Página de exibição do YouTube,0
2025-11-14,Página de exibição do YouTube,0
2025-11-15,Página de exibição do YouTube,0
2025-11-16,Página de exibição do YouTube,0
2025-11-17,Página de exibição do YouTube,0
2025-11-18,Página de exibição do YouTube,1
2025-11-19,Página de exibição do YouTube,0
2025-11-20,Página de exibição do YouTube,1
2025-11-21,Página de exibição do YouTube,0
2025-11-22,Página de exibição do YouTube,0
2025-11-23,Página de exibição do YouTube,0
2025-11-24,Página de exibição do YouTube,0
2025-11-25,Página de exibição do YouTube,0
2025-11-26,Página de exibição do YouTube,0
2025-11-27,Página de exibição do YouTube,0
2025-11-28,Página de exibição do YouTube,0
2025-11-29,Página de exibição do YouTube,0
2025-11-30,Página de exibição do YouTube,0
2025-12-01,Página de exibição do YouTube,0
2025-12-02,Página de exibição do YouTube,0
2025-12-03,Página de exibição do YouTube,0
2025-12-04,Página de exibição do YouTube,0
2025-12-05,Página de exibição do YouTube,0
2025-12-06,Página de exibição do YouTube,0
2025-12-07,Página de exibição do YouTube,0
2025-12-08,Página de exibição do YouTube,0
2025-12-09,Página de exibição do YouTube,0
2025-12-10,Página de exibição do YouTube,0
2025-12-11,Página de exibição do YouTube,0
2025-12-12,Página de exibição do YouTube,0
2025-12-13,Página de exibição do YouTube,0
2025-12-14,Página de exibição do YouTube,0
2025-12-15,Página de exibição do YouTube,0
2025-12-16,Página de exibição do YouTube,0
2025-12-17,Página de exibição do YouTube,0
2025-12-18,Página de exibição do YouTube,0
2025-12-19,Página de exibição do YouTube,0
2025-12-20,Página de exibição do YouTube,0
2025-12-21,Página de exibição do YouTube,0
2025-12-22,Página de exibição do YouTube,0
2025-12-23,Página de exibição do YouTube,0
2025-12-24,Página de exibição do YouTube,0
2025-12-25,Página de exibição do YouTube,0
2025-12-26,Página de exibição do YouTube,0
2025-12-27,Página de exibição do YouTube,0
2025-12-28,Página de exibição do YouTube,0
2025-12-29,Página de exibição do YouTube,0
2025-12-30,Página de exibição do YouTube,0
2025-12-31,Página de exibição do YouTube,0
2026-01-01,Página de exibição do YouTube,0
2026-01-02,Página de exibição do YouTube,0
2026-01-03,Página de exibição do YouTube,0
2026-01-04,Página de exibição do YouTube,0
2026-01-05,Página de exibição do YouTube,0
2026-01-06,Página de exibição do YouTube,0
2026-01-07,Página de exibição do YouTube,0
2026-01-08,Página de exibição do YouTube,0
2026-01-09,Página de exibição do YouTube,0
2026-01-10,Página de exibição do YouTube,0
2026-01-11,Página de exibição do YouTube,1
2026-01-12,Página de exibição do YouTube,0
2026-01-13,Página de exibição do YouTube,0
2026-01-14,Página de exibição do YouTube,0
2026-01-15,Página de exibição do YouTube,0
2026-01-16,Página de exibição do YouTube,0
2026-01-17,Página de exibição do YouTube,0
2026-01-18,Página de exibição do YouTube,0
2026-01-19,Página de exibição do YouTube,0
2026-01-20,Página de exibição do YouTube,0
2026-01-21,Página de exibição do YouTube,0
2026-01-22,Página de exibição do YouTube,0
2026-01-23,Página de exibição do YouTube,0
2026-01-24,Página de exibição do YouTube,0
2026-01-25,Página de exibição do YouTube,0
2026-01-26,Página de exibição do YouTube,0
2026-01-27,Página de exibição do YouTube,0
2026-01-28,Página de exibição do YouTube,0
2026-01-29,Página de exibição do YouTube,0
2026-01-30,Página de exibição do YouTube,1
2026-01-31,Página de exibição do YouTube,0
2026-02-01,Página de exibição do YouTube,0
2026-02-02,Página de exibição do YouTube,1
2026-02-03,Página de exibição do YouTube,0
2026-02-04,Página de exibição do YouTube,0
2026-02-05,Página de exibição do YouTube,0
2026-02-06,Página de exibição do YouTube,0
2026-02-07,Página de exibição do YouTube,0
2026-02-08,Página de exibição do YouTube,0
2026-02-09,Página de exibição do YouTube,0
2026-02-10,Página de exibição do YouTube,0
2026-02-11,Página de exibição do YouTube,0
2026-02-12,Página de exibição do YouTube,0
2026-02-13,Página de exibição do YouTube,0
2026-02-14,Página de exibição do YouTube,0
2026-02-15,Página de exibição do YouTube,0
2026-02-16,Página de exibição do YouTube,0
2026-02-17,Página de exibição do YouTube,0
2026-02-18,Página de exibição do YouTube,0
2026-02-19,Página de exibição do YouTube,0
2026-02-20,Página de exibição do YouTube,0
2026-02-21,Página de exibição do YouTube,0
2026-02-22,Página de exibição do YouTube,1
2026-02-23,Página de exibição do YouTube,0
2026-02-24,Página de exibição do YouTube,0
2026-02-25,Página de exibição do YouTube,0
2026-02-26,Página de exibição do YouTube,0
2026-02-27,Página de exibição do YouTube,0
2026-02-28,Página de exibição do YouTube,0
2026-03-01,Página de exibição do YouTube,0
2026-03-02,Página de exibição do YouTube,0
2026-03-03,Página de exibição do YouTube,0
2026-03-04,Página de exibição do YouTube,0
2026-03-05,Página de exibição do YouTube,0
2026-03-06,Página de exibição do YouTube,0
2026-03-07,Página de exibição do YouTube,0
2026-03-08,Página de exibição do YouTube,0
2026-03-09,Página de exibição do YouTube,0
2026-03-10,Página de exibição do YouTube,0
2026-03-11,Página de exibição do YouTube,0
2026-03-12,Página de exibição do YouTube,0
2026-03-13,Página de exibição do YouTube,0
2026-03-14,Página de exibição do YouTube,0
2026-03-15,Página de exibição do YouTube,0
2026-03-16,Página de exibição do YouTube,0
2026-03-17,Página de exibição do YouTube,0
2026-03-18,Página de exibição do YouTube,0
2026-03-19,Página de exibição do YouTube,0
2026-03-20,Página de exibição do YouTube,0
2026-03-21,Página de exibição do YouTube,0
2026-03-22,Página de exibição do YouTube,0
2026-03-23,Página de exibição do YouTube,0
2026-03-24,Página de exibição do YouTube,0
2026-03-25,Página de exibição do YouTube,0
2026-03-26,Página de exibição do YouTube,0
2026-03-27,Página de exibição do YouTube,0
2026-03-28,Página de exibição do YouTube,0
2026-03-29,Página de exibição do YouTube,0
2026-03-30,Página de exibição do YouTube,0
2026-03-31,Página de exibição do YouTube,0
2026-04-01,Página de exibição do YouTube,0
2026-04-02,Página de exibição do YouTube,0
2026-04-03,Página de exibição do YouTube,0
2026-04-04,Página de exibição do YouTube,0
2026-04-05,Página de exibição do YouTube,0
2026-04-06,Página de exibição do YouTube,0
2026-04-07,Página de exibição do YouTube,0
2026-04-08,Página de exibição do YouTube,0
2026-04-09,Página de exibição do YouTube,0
2026-04-10,Página de exibição do YouTube,0
2026-04-11,Página de exibição do YouTube,0
2026-04-12,Página de exibição do YouTube,0
2025-04-13,Lista de inscrições do canal,0
2025-04-14,Lista de inscrições do canal,0
2025-04-15,Lista de inscrições do canal,0
2025-04-16,Lista de inscrições do canal,0
2025-04-17,Lista de inscrições do canal,0
2025-04-18,Lista de inscrições do canal,0
2025-04-19,Lista de inscrições do canal,0
2025-04-20,Lista de inscrições do canal,0
2025-04-21,Lista de inscrições do canal,0
2025-04-22,Lista de inscrições do canal,0
2025-04-23,Lista de inscrições do canal,0
2025-04-24,Lista de inscrições do canal,0
2025-04-25,Lista de inscrições do canal,0
2025-04-26,Lista de inscrições do canal,0
2025-04-27,Lista de inscrições do canal,0
2025-04-28,Lista de inscrições do canal,0
2025-04-29,Lista de inscrições do canal,0
2025-04-30,Lista de inscrições do canal,0
2025-05-01,Lista de inscrições do canal,0
2025-05-02,Lista de inscrições do canal,0
2025-05-03,Lista de inscrições do canal,0
2025-05-04,Lista de inscrições do canal,0
2025-05-05,Lista de inscrições do canal,0
2025-05-06,Lista de inscrições do canal,0
2025-05-07,Lista de inscrições do canal,0
2025-05-08,Lista de inscrições do canal,-1
2025-05-09,Lista de inscrições do canal,0
2025-05-10,Lista de inscrições do canal,0
2025-05-11,Lista de inscrições do canal,0
2025-05-12,Lista de inscrições do canal,0
2025-05-13,Lista de inscrições do canal,0
2025-05-14,Lista de inscrições do canal,0
2025-05-15,Lista de inscrições do canal,0
2025-05-16,Lista de inscrições do canal,0
2025-05-17,Lista de inscrições do canal,0
2025-05-18,Lista de inscrições do canal,0
2025-05-19,Lista de inscrições do canal,0
2025-05-20,Lista de inscrições do canal,0
2025-05-21,Lista de inscrições do canal,0
2025-05-22,Lista de inscrições do canal,0
2025-05-23,Lista de inscrições do canal,0
2025-05-24,Lista de inscrições do canal,0
2025-05-25,Lista de inscrições do canal,0
2025-05-26,Lista de inscrições do canal,0
2025-05-27,Lista de inscrições do canal,0
2025-05-28,Lista de inscrições do canal,0
2025-05-29,Lista de inscrições do canal,0
2025-05-30,Lista de inscrições do canal,0
2025-05-31,Lista de inscrições do canal,0
2025-06-01,Lista de inscrições do canal,0
2025-06-02,Lista de inscrições do canal,0
2025-06-03,Lista de inscrições do canal,0
2025-06-04,Lista de inscrições do canal,-2
2025-06-05,Lista de inscrições do canal,0
2025-06-06,Lista de inscrições do canal,0
2025-06-07,Lista de inscrições do canal,0
2025-06-08,Lista de inscrições do canal,0
2025-06-09,Lista de inscrições do canal,-1
2025-06-10,Lista de inscrições do canal,0
2025-06-11,Lista de inscrições do canal,0
2025-06-12,Lista de inscrições do canal,0
2025-06-13,Lista de inscrições do canal,0
2025-06-14,Lista de inscrições do canal,0
2025-06-15,Lista de inscrições do canal,0
2025-06-16,Lista de inscrições do canal,0
2025-06-17,Lista de inscrições do canal,0
2025-06-18,Lista de inscrições do canal,-1
2025-06-19,Lista de inscrições do canal,0
2025-06-20,Lista de inscrições do canal,0
2025-06-21,Lista de inscrições do canal,0
2025-06-22,Lista de inscrições do canal,0
2025-06-23,Lista de inscrições do canal,0
2025-06-24,Lista de inscrições do canal,0
2025-06-25,Lista de inscrições do canal,0
2025-06-26,Lista de inscrições do canal,0
2025-06-27,Lista de inscrições do canal,-1
2025-06-28,Lista de inscrições do canal,0
2025-06-29,Lista de inscrições do canal,0
2025-06-30,Lista de inscrições do canal,0
2025-07-01,Lista de inscrições do canal,0
2025-07-02,Lista de inscrições do canal,0
2025-07-03,Lista de inscrições do canal,0
2025-07-04,Lista de inscrições do canal,0
2025-07-05,Lista de inscrições do canal,0
2025-07-06,Lista de inscrições do canal,0
2025-07-07,Lista de inscrições do canal,0
2025-07-08,Lista de inscrições do canal,0
2025-07-09,Lista de inscrições do canal,0
2025-07-10,Lista de inscrições do canal,0
2025-07-11,Lista de inscrições do canal,0
2025-07-12,Lista de inscrições do canal,0
2025-07-13,Lista de inscrições do canal,0
2025-07-14,Lista de inscrições do canal,0
2025-07-15,Lista de inscrições do canal,0
2025-07-16,Lista de inscrições do canal,0
2025-07-17,Lista de inscrições do canal,0
2025-07-18,Lista de inscrições do canal,0
2025-07-19,Lista de inscrições do canal,0
2025-07-20,Lista de inscrições do canal,0
2025-07-21,Lista de inscrições do canal,0
2025-07-22,Lista de inscrições do canal,0
2025-07-23,Lista de inscrições do canal,0
2025-07-24,Lista de inscrições do canal,0
2025-07-25,Lista de inscrições do canal,0
2025-07-26,Lista de inscrições do canal,0
2025-07-27,Lista de inscrições do canal,0
2025-07-28,Lista de inscrições do canal,0
2025-07-29,Lista de inscrições do canal,0
2025-07-30,Lista de inscrições do canal,0
2025-07-31,Lista de inscrições do canal,0
2025-08-01,Lista de inscrições do canal,0
2025-08-02,Lista de inscrições do canal,0
2025-08-03,Lista de inscrições do canal,0
2025-08-04,Lista de inscrições do canal,0
2025-08-05,Lista de inscrições do canal,0
2025-08-06,Lista de inscrições do canal,0
2025-08-07,Lista de inscrições do canal,0
2025-08-08,Lista de inscrições do canal,0
2025-08-09,Lista de inscrições do canal,0
2025-08-10,Lista de inscrições do canal,0
2025-08-11,Lista de inscrições do canal,0
2025-08-12,Lista de inscrições do canal,0
2025-08-13,Lista de inscrições do canal,0
2025-08-14,Lista de inscrições do canal,0
2025-08-15,Lista de inscrições do canal,0
2025-08-16,Lista de inscrições do canal,0
2025-08-17,Lista de inscrições do canal,0
2025-08-18,Lista de inscrições do canal,-1
2025-08-19,Lista de inscrições do canal,0
2025-08-20,Lista de inscrições do canal,0
2025-08-21,Lista de inscrições do canal,0
2025-08-22,Lista de inscrições do canal,0
2025-08-23,Lista de inscrições do canal,0
2025-08-24,Lista de inscrições do canal,0
2025-08-25,Lista de inscrições do canal,-1
2025-08-26,Lista de inscrições do canal,0
2025-08-27,Lista de inscrições do canal,0
2025-08-28,Lista de inscrições do canal,0
2025-08-29,Lista de inscrições do canal,0
2025-08-30,Lista de inscrições do canal,0
2025-08-31,Lista de inscrições do canal,-1
2025-09-01,Lista de inscrições do canal,-1
2025-09-02,Lista de inscrições do canal,0
2025-09-03,Lista de inscrições do canal,0
2025-09-04,Lista de inscrições do canal,0
2025-09-05,Lista de inscrições do canal,0
2025-09-06,Lista de inscrições do canal,0
2025-09-07,Lista de inscrições do canal,-1
2025-09-08,Lista de inscrições do canal,0
2025-09-09,Lista de inscrições do canal,0
2025-09-10,Lista de inscrições do canal,-1
2025-09-11,Lista de inscrições do canal,0
2025-09-12,Lista de inscrições do canal,0
2025-09-13,Lista de inscrições do canal,0
2025-09-14,Lista de inscrições do canal,0
2025-09-15,Lista de inscrições do canal,0
2025-09-16,Lista de inscrições do canal,0
2025-09-17,Lista de inscrições do canal,0
2025-09-18,Lista de inscrições do canal,0
2025-09-19,Lista de inscrições do canal,-1
2025-09-20,Lista de inscrições do canal,0
2025-09-21,Lista de inscrições do canal,0
2025-09-22,Lista de inscrições do canal,0
2025-09-23,Lista de inscrições do canal,0
2025-09-24,Lista de inscrições do canal,0
2025-09-25,Lista de inscrições do canal,0
2025-09-26,Lista de inscrições do canal,0
2025-09-27,Lista de inscrições do canal,0
2025-09-28,Lista de inscrições do canal,0
2025-09-29,Lista de inscrições do canal,0
2025-09-30,Lista de inscrições do canal,0
2025-10-01,Lista de inscrições do canal,0
2025-10-02,Lista de inscrições do canal,0
2025-10-03,Lista de inscrições do canal,0
2025-10-04,Lista de inscrições do canal,0
2025-10-05,Lista de inscrições do canal,0
2025-10-06,Lista de inscrições do canal,0
2025-10-07,Lista de inscrições do canal,0
2025-10-08,Lista de inscrições do canal,0
2025-10-09,Lista de inscrições do canal,0
2025-10-10,Lista de inscrições do canal,0
2025-10-11,Lista de inscrições do canal,0
2025-10-12,Lista de inscrições do canal,0
2025-10-13,Lista de inscrições do canal,0
2025-10-14,Lista de inscrições do canal,0
2025-10-15,Lista de inscrições do canal,0
2025-10-16,Lista de inscrições do canal,0
2025-10-17,Lista de inscrições do canal,0
2025-10-18,Lista de inscrições do canal,0
2025-10-19,Lista de inscrições do canal,0
2025-10-20,Lista de inscrições do canal,0
2025-10-21,Lista de inscrições do canal,0
2025-10-22,Lista de inscrições do canal,0
2025-10-23,Lista de inscrições do canal,0
2025-10-24,Lista de inscrições do canal,0
2025-10-25,Lista de inscrições do canal,0
2025-10-26,Lista de inscrições do canal,0
2025-10-27,Lista de inscrições do canal,0
2025-10-28,Lista de inscrições do canal,0
2025-10-29,Lista de inscrições do canal,0
2025-10-30,Lista de inscrições do canal,0
2025-10-31,Lista de inscrições do canal,0
2025-11-01,Lista de inscrições do canal,0
2025-11-02,Lista de inscrições do canal,0
2025-11-03,Lista de inscrições do canal,0
2025-11-04,Lista de inscrições do canal,0
2025-11-05,Lista de inscrições do canal,0
2025-11-06,Lista de inscrições do canal,0
2025-11-07,Lista de inscrições do canal,0
2025-11-08,Lista de inscrições do canal,0
2025-11-09,Lista de inscrições do canal,0
2025-11-10,Lista de inscrições do canal,0
2025-11-11,Lista de inscrições do canal,-1
2025-11-12,Lista de inscrições do canal,0
2025-11-13,Lista de inscrições do canal,0
2025-11-14,Lista de inscrições do canal,0
2025-11-15,Lista de inscrições do canal,0
2025-11-16,Lista de inscrições do canal,0
2025-11-17,Lista de inscrições do canal,0
2025-11-18,Lista de inscrições do canal,0
2025-11-19,Lista de inscrições do canal,0
2025-11-20,Lista de inscrições do canal,0
2025-11-21,Lista de inscrições do canal,0
2025-11-22,Lista de inscrições do canal,0
2025-11-23,Lista de inscrições do canal,0
2025-11-24,Lista de inscrições do canal,0
2025-11-25,Lista de inscrições do canal,0
2025-11-26,Lista de inscrições do canal,0
2025-11-27,Lista de inscrições do canal,0
2025-11-28,Lista de inscrições do canal,0
2025-11-29,Lista de inscrições do canal,0
2025-11-30,Lista de inscrições do canal,0
2025-12-01,Lista de inscrições do canal,0
2025-12-02,Lista de inscrições do canal,0
2025-12-03,Lista de inscrições do canal,0
2025-12-04,Lista de inscrições do canal,0
2025-12-05,Lista de inscrições do canal,-1
2025-12-06,Lista de inscrições do canal,0
2025-12-07,Lista de inscrições do canal,0
2025-12-08,Lista de inscrições do canal,0
2025-12-09,Lista de inscrições do canal,0
2025-12-10,Lista de inscrições do canal,0
2025-12-11,Lista de inscrições do canal,0
2025-12-12,Lista de inscrições do canal,0
2025-12-13,Lista de inscrições do canal,0
2025-12-14,Lista de inscrições do canal,0
2025-12-15,Lista de inscrições do canal,0
2025-12-16,Lista de inscrições do canal,0
2025-12-17,Lista de inscrições do canal,0
2025-12-18,Lista de inscrições do canal,0
2025-12-19,Lista de inscrições do canal,0
2025-12-20,Lista de inscrições do canal,0
2025-12-21,Lista de inscrições do canal,0
2025-12-22,Lista de inscrições do canal,0
2025-12-23,Lista de inscrições do canal,0
2025-12-24,Lista de inscrições do canal,0
2025-12-25,Lista de inscrições do canal,0
2025-12-26,Lista de inscrições do canal,0
2025-12-27,Lista de inscrições do canal,0
2025-12-28,Lista de inscrições do canal,0
2025-12-29,Lista de inscrições do canal,0
2025-12-30,Lista de inscrições do canal,0
2025-12-31,Lista de inscrições do canal,0
2026-01-01,Lista de inscrições do canal,-1
2026-01-02,Lista de inscrições do canal,0
2026-01-03,Lista de inscrições do canal,0
2026-01-04,Lista de inscrições do canal,-1
2026-01-05,Lista de inscrições do canal,0
2026-01-06,Lista de inscrições do canal,0
2026-01-07,Lista de inscrições do canal,0
2026-01-08,Lista de inscrições do canal,0
2026-01-09,Lista de inscrições do canal,0
2026-01-10,Lista de inscrições do canal,0
2026-01-11,Lista de inscrições do canal,0
2026-01-12,Lista de inscrições do canal,0
2026-01-13,Lista de inscrições do canal,0
2026-01-14,Lista de inscrições do canal,0
2026-01-15,Lista de inscrições do canal,0
2026-01-16,Lista de inscrições do canal,0
2026-01-17,Lista de inscrições do canal,0
2026-01-18,Lista de inscrições do canal,0
2026-01-19,Lista de inscrições do canal,0
2026-01-20,Lista de inscrições do canal,0
2026-01-21,Lista de inscrições do canal,-1
2026-01-22,Lista de inscrições do canal,-1
2026-01-23,Lista de inscrições do canal,0
2026-01-24,Lista de inscrições do canal,0
2026-01-25,Lista de inscrições do canal,0
2026-01-26,Lista de inscrições do canal,0
2026-01-27,Lista de inscrições do canal,0
2026-01-28,Lista de inscrições do canal,0
2026-01-29,Lista de inscrições do canal,0
2026-01-30,Lista de inscrições do canal,0
2026-01-31,Lista de inscrições do canal,0
2026-02-01,Lista de inscrições do canal,0
2026-02-02,Lista de inscrições do canal,0
2026-02-03,Lista de inscrições do canal,0
2026-02-04,Lista de inscrições do canal,0
2026-02-05,Lista de inscrições do canal,0
2026-02-06,Lista de inscrições do canal,0
2026-02-07,Lista de inscrições do canal,0
2026-02-08,Lista de inscrições do canal,0
2026-02-09,Lista de inscrições do canal,0
2026-02-10,Lista de inscrições do canal,-1
2026-02-11,Lista de inscrições do canal,0
2026-02-12,Lista de inscrições do canal,0
2026-02-13,Lista de inscrições do canal,0
2026-02-14,Lista de inscrições do canal,0
2026-02-15,Lista de inscrições do canal,0
2026-02-16,Lista de inscrições do canal,0
2026-02-17,Lista de inscrições do canal,0
2026-02-18,Lista de inscrições do canal,0
2026-02-19,Lista de inscrições do canal,0
2026-02-20,Lista de inscrições do canal,0
2026-02-21,Lista de inscrições do canal,0
2026-02-22,Lista de inscrições do canal,-1
2026-02-23,Lista de inscrições do canal,0
2026-02-24,Lista de inscrições do canal,0
2026-02-25,Lista de inscrições do canal,0
2026-02-26,Lista de inscrições do canal,-1
2026-02-27,Lista de inscrições do canal,0
2026-02-28,Lista de inscrições do canal,0
2026-03-01,Lista de inscrições do canal,0
2026-03-02,Lista de inscrições do canal,0
2026-03-03,Lista de inscrições do canal,0
2026-03-04,Lista de inscrições do canal,0
2026-03-05,Lista de inscrições do canal,0
2026-03-06,Lista de inscrições do canal,0
2026-03-07,Lista de inscrições do canal,0
2026-03-08,Lista de inscrições do canal,0
2026-03-09,Lista de inscrições do canal,0
2026-03-10,Lista de inscrições do canal,0
2026-03-11,Lista de inscrições do canal,0
2026-03-12,Lista de inscrições do canal,0
2026-03-13,Lista de inscrições do canal,0
2026-03-14,Lista de inscrições do canal,0
2026-03-15,Lista de inscrições do canal,0
2026-03-16,Lista de inscrições do canal,-1
2026-03-17,Lista de inscrições do canal,0
2026-03-18,Lista de inscrições do canal,0
2026-03-19,Lista de inscrições do canal,0
2026-03-20,Lista de inscrições do canal,0
2026-03-21,Lista de inscrições do canal,0
2026-03-22,Lista de inscrições do canal,0
2026-03-23,Lista de inscrições do canal,0
2026-03-24,Lista de inscrições do canal,0
2026-03-25,Lista de inscrições do canal,0
2026-03-26,Lista de inscrições do canal,0
2026-03-27,Lista de inscrições do canal,0
2026-03-28,Lista de inscrições do canal,0
2026-03-29,Lista de inscrições do canal,0
2026-03-30,Lista de inscrições do canal,0
2026-03-31,Lista de inscrições do canal,0
2026-04-01,Lista de inscrições do canal,0
2026-04-02,Lista de inscrições do canal,0
2026-04-03,Lista de inscrições do canal,0
2026-04-04,Lista de inscrições do canal,0
2026-04-05,Lista de inscrições do canal,0
2026-04-06,Lista de inscrições do canal,0
2026-04-07,Lista de inscrições do canal,0
2026-04-08,Lista de inscrições do canal,0
2026-04-09,Lista de inscrições do canal,0
2026-04-10,Lista de inscrições do canal,0
2026-04-11,Lista de inscrições do canal,0
2026-04-12,Lista de inscrições do canal,0
2025-04-13,Contas encerradas,0
2025-04-14,Contas encerradas,0
2025-04-15,Contas encerradas,0
2025-04-16,Contas encerradas,0
2025-04-17,Contas encerradas,0
2025-04-18,Contas encerradas,0
2025-04-19,Contas encerradas,0
2025-04-20,Contas encerradas,0
2025-04-21,Contas encerradas,0
2025-04-22,Contas encerradas,0
2025-04-23,Contas encerradas,0
2025-04-24,Contas encerradas,0
2025-04-25,Contas encerradas,0
2025-04-26,Contas encerradas,0
2025-04-27,Contas encerradas,0
2025-04-28,Contas encerradas,0
2025-04-29,Contas encerradas,0
2025-04-30,Contas encerradas,0
2025-05-01,Contas encerradas,0
2025-05-02,Contas encerradas,0
2025-05-03,Contas encerradas,0
2025-05-04,Contas encerradas,0
2025-05-05,Contas encerradas,0
2025-05-06,Contas encerradas,0
2025-05-07,Contas encerradas,0
2025-05-08,Contas encerradas,0
2025-05-09,Contas encerradas,0
2025-05-10,Contas encerradas,0
2025-05-11,Contas encerradas,0
2025-05-12,Contas encerradas,0
2025-05-13,Contas encerradas,0
2025-05-14,Contas encerradas,0
2025-05-15,Contas encerradas,0
2025-05-16,Contas encerradas,0
2025-05-17,Contas encerradas,0
2025-05-18,Contas encerradas,0
2025-05-19,Contas encerradas,0
2025-05-20,Contas encerradas,0
2025-05-21,Contas encerradas,0
2025-05-22,Contas encerradas,0
2025-05-23,Contas encerradas,0
2025-05-24,Contas encerradas,0
2025-05-25,Contas encerradas,0
2025-05-26,Contas encerradas,0
2025-05-27,Contas encerradas,0
2025-05-28,Contas encerradas,0
2025-05-29,Contas encerradas,-1
2025-05-30,Contas encerradas,0
2025-05-31,Contas encerradas,-1
2025-06-01,Contas encerradas,0
2025-06-02,Contas encerradas,0
2025-06-03,Contas encerradas,0
2025-06-04,Contas encerradas,0
2025-06-05,Contas encerradas,0
2025-06-06,Contas encerradas,0
2025-06-07,Contas encerradas,0
2025-06-08,Contas encerradas,0
2025-06-09,Contas encerradas,0
2025-06-10,Contas encerradas,0
2025-06-11,Contas encerradas,0
2025-06-12,Contas encerradas,0
2025-06-13,Contas encerradas,0
2025-06-14,Contas encerradas,0
2025-06-15,Contas encerradas,0
2025-06-16,Contas encerradas,0
2025-06-17,Contas encerradas,0
2025-06-18,Contas encerradas,0
2025-06-19,Contas encerradas,0
2025-06-20,Contas encerradas,0
2025-06-21,Contas encerradas,0
2025-06-22,Contas encerradas,0
2025-06-23,Contas encerradas,0
2025-06-24,Contas encerradas,0
2025-06-25,Contas encerradas,0
2025-06-26,Contas encerradas,0
2025-06-27,Contas encerradas,0
2025-06-28,Contas encerradas,0
2025-06-29,Contas encerradas,0
2025-06-30,Contas encerradas,0
2025-07-01,Contas encerradas,0
2025-07-02,Contas encerradas,0
2025-07-03,Contas encerradas,0
2025-07-04,Contas encerradas,0
2025-07-05,Contas encerradas,0
2025-07-06,Contas encerradas,0
2025-07-07,Contas encerradas,0
2025-07-08,Contas encerradas,0
2025-07-09,Contas encerradas,0
2025-07-10,Contas encerradas,0
2025-07-11,Contas encerradas,-1
2025-07-12,Contas encerradas,0
2025-07-13,Contas encerradas,0
2025-07-14,Contas encerradas,0
2025-07-15,Contas encerradas,0
2025-07-16,Contas encerradas,0
2025-07-17,Contas encerradas,0
2025-07-18,Contas encerradas,0
2025-07-19,Contas encerradas,0
2025-07-20,Contas encerradas,0
2025-07-21,Contas encerradas,0
2025-07-22,Contas encerradas,0
2025-07-23,Contas encerradas,0
2025-07-24,Contas encerradas,0
2025-07-25,Contas encerradas,0
2025-07-26,Contas encerradas,-1
2025-07-27,Contas encerradas,0
2025-07-28,Contas encerradas,0
2025-07-29,Contas encerradas,0
2025-07-30,Contas encerradas,0
2025-07-31,Contas encerradas,0
2025-08-01,Contas encerradas,0
2025-08-02,Contas encerradas,0
2025-08-03,Contas encerradas,0
2025-08-04,Contas encerradas,0
2025-08-05,Contas encerradas,0
2025-08-06,Contas encerradas,0
2025-08-07,Contas encerradas,0
2025-08-08,Contas encerradas,0
2025-08-09,Contas encerradas,0
2025-08-10,Contas encerradas,0
2025-08-11,Contas encerradas,0
2025-08-12,Contas encerradas,-1
2025-08-13,Contas encerradas,0
2025-08-14,Contas encerradas,0
2025-08-15,Contas encerradas,0
2025-08-16,Contas encerradas,0
2025-08-17,Contas encerradas,0
2025-08-18,Contas encerradas,0
2025-08-19,Contas encerradas,0
2025-08-20,Contas encerradas,0
2025-08-21,Contas encerradas,0
2025-08-22,Contas encerradas,-1
2025-08-23,Contas encerradas,0
2025-08-24,Contas encerradas,0
2025-08-25,Contas encerradas,0
2025-08-26,Contas encerradas,0
2025-08-27,Contas encerradas,0
2025-08-28,Contas encerradas,0
2025-08-29,Contas encerradas,0
2025-08-30,Contas encerradas,0
2025-08-31,Contas encerradas,0
2025-09-01,Contas encerradas,0
2025-09-02,Contas encerradas,0
2025-09-03,Contas encerradas,0
2025-09-04,Contas encerradas,0
2025-09-05,Contas encerradas,0
2025-09-06,Contas encerradas,0
2025-09-07,Contas encerradas,0
2025-09-08,Contas encerradas,0
2025-09-09,Contas encerradas,0
2025-09-10,Contas encerradas,0
2025-09-11,Contas encerradas,0
2025-09-12,Contas encerradas,0
2025-09-13,Contas encerradas,0
2025-09-14,Contas encerradas,0
2025-09-15,Contas encerradas,0
2025-09-16,Contas encerradas,0
2025-09-17,Contas encerradas,0
2025-09-18,Contas encerradas,0
2025-09-19,Contas encerradas,0
2025-09-20,Contas encerradas,0
2025-09-21,Contas encerradas,0
2025-09-22,Contas encerradas,0
2025-09-23,Contas encerradas,0
2025-09-24,Contas encerradas,0
2025-09-25,Contas encerradas,0
2025-09-26,Contas encerradas,0
2025-09-27,Contas encerradas,0
2025-09-28,Contas encerradas,0
2025-09-29,Contas encerradas,0
2025-09-30,Contas encerradas,0
2025-10-01,Contas encerradas,0
2025-10-02,Contas encerradas,0
2025-10-03,Contas encerradas,0
2025-10-04,Contas encerradas,0
2025-10-05,Contas encerradas,-1
2025-10-06,Contas encerradas,0
2025-10-07,Contas encerradas,0
2025-10-08,Contas encerradas,0
2025-10-09,Contas encerradas,0
2025-10-10,Contas encerradas,0
2025-10-11,Contas encerradas,0
2025-10-12,Contas encerradas,0
2025-10-13,Contas encerradas,0
2025-10-14,Contas encerradas,0
2025-10-15,Contas encerradas,0
2025-10-16,Contas encerradas,0
2025-10-17,Contas encerradas,0
2025-10-18,Contas encerradas,0
2025-10-19,Contas encerradas,0
2025-10-20,Contas encerradas,0
2025-10-21,Contas encerradas,0
2025-10-22,Contas encerradas,0
2025-10-23,Contas encerradas,0
2025-10-24,Contas encerradas,0
2025-10-25,Contas encerradas,0
2025-10-26,Contas encerradas,0
2025-10-27,Contas encerradas,0
2025-10-28,Contas encerradas,0
2025-10-29,Contas encerradas,0
2025-10-30,Contas encerradas,0
2025-10-31,Contas encerradas,0
2025-11-01,Contas encerradas,0
2025-11-02,Contas encerradas,0
2025-11-03,Contas encerradas,0
2025-11-04,Contas encerradas,0
2025-11-05,Contas encerradas,0
2025-11-06,Contas encerradas,0
2025-11-07,Contas encerradas,0
2025-11-08,Contas encerradas,0
2025-11-09,Contas encerradas,0
2025-11-10,Contas encerradas,0
2025-11-11,Contas encerradas,0
2025-11-12,Contas encerradas,0
2025-11-13,Contas encerradas,0
2025-11-14,Contas encerradas,0
2025-11-15,Contas encerradas,0
2025-11-16,Contas encerradas,0
2025-11-17,Contas encerradas,0
2025-11-18,Contas encerradas,0
2025-11-19,Contas encerradas,0
2025-11-20,Contas encerradas,0
2025-11-21,Contas encerradas,0
2025-11-22,Contas encerradas,-1
2025-11-23,Contas encerradas,0
2025-11-24,Contas encerradas,0
2025-11-25,Contas encerradas,0
2025-11-26,Contas encerradas,0
2025-11-27,Contas encerradas,0
2025-11-28,Contas encerradas,0
2025-11-29,Contas encerradas,0
2025-11-30,Contas encerradas,0
2025-12-01,Contas encerradas,0
2025-12-02,Contas encerradas,0
2025-12-03,Contas encerradas,0
2025-12-04,Contas encerradas,0
2025-12-05,Contas encerradas,0
2025-12-06,Contas encerradas,0
2025-12-07,Contas encerradas,0
2025-12-08,Contas encerradas,0
2025-12-09,Contas encerradas,0
2025-12-10,Contas encerradas,0
2025-12-11,Contas encerradas,0
2025-12-12,Contas encerradas,-1
2025-12-13,Contas encerradas,0
2025-12-14,Contas encerradas,0
2025-12-15,Contas encerradas,0
2025-12-16,Contas encerradas,0
2025-12-17,Contas encerradas,0
2025-12-18,Contas encerradas,0
2025-12-19,Contas encerradas,0
2025-12-20,Contas encerradas,0
2025-12-21,Contas encerradas,0
2025-12-22,Contas encerradas,0
2025-12-23,Contas encerradas,0
2025-12-24,Contas encerradas,0
2025-12-25,Contas encerradas,0
2025-12-26,Contas encerradas,-1
2025-12-27,Contas encerradas,0
2025-12-28,Contas encerradas,-2
2025-12-29,Contas encerradas,0
2025-12-30,Contas encerradas,0
2025-12-31,Contas encerradas,0
2026-01-01,Contas encerradas,0
2026-01-02,Contas encerradas,0
2026-01-03,Contas encerradas,0
2026-01-04,Contas encerradas,0
2026-01-05,Contas encerradas,0
2026-01-06,Contas encerradas,0
2026-01-07,Contas encerradas,0
2026-01-08,Contas encerradas,0
2026-01-09,Contas encerradas,0
2026-01-10,Contas encerradas,0
2026-01-11,Contas encerradas,0
2026-01-12,Contas encerradas,0
2026-01-13,Contas encerradas,0
2026-01-14,Contas encerradas,0
2026-01-15,Contas encerradas,0
2026-01-16,Contas encerradas,0
2026-01-17,Contas encerradas,0
2026-01-18,Contas encerradas,0
2026-01-19,Contas encerradas,0
2026-01-20,Contas encerradas,0
2026-01-21,Contas encerradas,0
2026-01-22,Contas encerradas,0
2026-01-23,Contas encerradas,0
2026-01-24,Contas encerradas,0
2026-01-25,Contas encerradas,0
2026-01-26,Contas encerradas,0
2026-01-27,Contas encerradas,0
2026-01-28,Contas encerradas,0
2026-01-29,Contas encerradas,-1
2026-01-30,Contas encerradas,-2
2026-01-31,Contas encerradas,0
2026-02-01,Contas encerradas,0
2026-02-02,Contas encerradas,0
2026-02-03,Contas encerradas,0
2026-02-04,Contas encerradas,0
2026-02-05,Contas encerradas,0
2026-02-06,Contas encerradas,0
2026-02-07,Contas encerradas,0
2026-02-08,Contas encerradas,0
2026-02-09,Contas encerradas,0
2026-02-10,Contas encerradas,0
2026-02-11,Contas encerradas,0
2026-02-12,Contas encerradas,0
2026-02-13,Contas encerradas,0
2026-02-14,Contas encerradas,-1
2026-02-15,Contas encerradas,-1
2026-02-16,Contas encerradas,0
2026-02-17,Contas encerradas,0
2026-02-18,Contas encerradas,0
2026-02-19,Contas encerradas,0
2026-02-20,Contas encerradas,0
2026-02-21,Contas encerradas,0
2026-02-22,Contas encerradas,0
2026-02-23,Contas encerradas,0
2026-02-24,Contas encerradas,-1
2026-02-25,Contas encerradas,0
2026-02-26,Contas encerradas,0
2026-02-27,Contas encerradas,0
2026-02-28,Contas encerradas,0
2026-03-01,Contas encerradas,0
2026-03-02,Contas encerradas,0
2026-03-03,Contas encerradas,0
2026-03-04,Contas encerradas,0
2026-03-05,Contas encerradas,0
2026-03-06,Contas encerradas,0
2026-03-07,Contas encerradas,0
2026-03-08,Contas encerradas,0
2026-03-09,Contas encerradas,0
2026-03-10,Contas encerradas,0
2026-03-11,Contas encerradas,0
2026-03-12,Contas encerradas,0
2026-03-13,Contas encerradas,0
2026-03-14,Contas encerradas,0
2026-03-15,Contas encerradas,0
2026-03-16,Contas encerradas,0
2026-03-17,Contas encerradas,-1
2026-03-18,Contas encerradas,0
2026-03-19,Contas encerradas,0
2026-03-20,Contas encerradas,0
2026-03-21,Contas encerradas,0
2026-03-22,Contas encerradas,0
2026-03-23,Contas encerradas,0
2026-03-24,Contas encerradas,0
2026-03-25,Contas encerradas,0
2026-03-26,Contas encerradas,0
2026-03-27,Contas encerradas,0
2026-03-28,Contas encerradas,0
2026-03-29,Contas encerradas,0
2026-03-30,Contas encerradas,0
2026-03-31,Contas encerradas,0
2026-04-01,Contas encerradas,0
2026-04-02,Contas encerradas,0
2026-04-03,Contas encerradas,0
2026-04-04,Contas encerradas,0
2026-04-05,Contas encerradas,0
2026-04-06,Contas encerradas,0
2026-04-07,Contas encerradas,0
2026-04-08,Contas encerradas,0
2026-04-09,Contas encerradas,0
2026-04-10,Contas encerradas,0
2026-04-11,Contas encerradas,0
2026-04-12,Contas encerradas,0
2025-04-13,Seu canal do YouTube,1
2025-04-14,Seu canal do YouTube,0
2025-04-15,Seu canal do YouTube,0
2025-04-16,Seu canal do YouTube,2
2025-04-17,Seu canal do YouTube,0
2025-04-18,Seu canal do YouTube,0
2025-04-19,Seu canal do YouTube,0
2025-04-20,Seu canal do YouTube,0
2025-04-21,Seu canal do YouTube,1
2025-04-22,Seu canal do YouTube,0
2025-04-23,Seu canal do YouTube,0
2025-04-24,Seu canal do YouTube,0
2025-04-25,Seu canal do YouTube,0
2025-04-26,Seu canal do YouTube,0
2025-04-27,Seu canal do YouTube,0
2025-04-28,Seu canal do YouTube,0
2025-04-29,Seu canal do YouTube,0
2025-04-30,Seu canal do YouTube,1
2025-05-01,Seu canal do YouTube,1
2025-05-02,Seu canal do YouTube,2
2025-05-03,Seu canal do YouTube,0
2025-05-04,Seu canal do YouTube,1
2025-05-05,Seu canal do YouTube,0
2025-05-06,Seu canal do YouTube,0
2025-05-07,Seu canal do YouTube,0
2025-05-08,Seu canal do YouTube,-1
2025-05-09,Seu canal do YouTube,0
2025-05-10,Seu canal do YouTube,0
2025-05-11,Seu canal do YouTube,0
2025-05-12,Seu canal do YouTube,0
2025-05-13,Seu canal do YouTube,0
2025-05-14,Seu canal do YouTube,0
2025-05-15,Seu canal do YouTube,1
2025-05-16,Seu canal do YouTube,0
2025-05-17,Seu canal do YouTube,1
2025-05-18,Seu canal do YouTube,1
2025-05-19,Seu canal do YouTube,0
2025-05-20,Seu canal do YouTube,0
2025-05-21,Seu canal do YouTube,0
2025-05-22,Seu canal do YouTube,0
2025-05-23,Seu canal do YouTube,0
2025-05-24,Seu canal do YouTube,0
2025-05-25,Seu canal do YouTube,0
2025-05-26,Seu canal do YouTube,0
2025-05-27,Seu canal do YouTube,0
2025-05-28,Seu canal do YouTube,2
2025-05-29,Seu canal do YouTube,0
2025-05-30,Seu canal do YouTube,0
2025-05-31,Seu canal do YouTube,0
2025-06-01,Seu canal do YouTube,0
2025-06-02,Seu canal do YouTube,0
2025-06-03,Seu canal do YouTube,0
2025-06-04,Seu canal do YouTube,0
2025-06-05,Seu canal do YouTube,0
2025-06-06,Seu canal do YouTube,0
2025-06-07,Seu canal do YouTube,0
2025-06-08,Seu canal do YouTube,0
2025-06-09,Seu canal do YouTube,1
2025-06-10,Seu canal do YouTube,0
2025-06-11,Seu canal do YouTube,0
2025-06-12,Seu canal do YouTube,3
2025-06-13,Seu canal do YouTube,0
2025-06-14,Seu canal do YouTube,1
2025-06-15,Seu canal do YouTube,0
2025-06-16,Seu canal do YouTube,0
2025-06-17,Seu canal do YouTube,0
2025-06-18,Seu canal do YouTube,1
2025-06-19,Seu canal do YouTube,0
2025-06-20,Seu canal do YouTube,0
2025-06-21,Seu canal do YouTube,0
2025-06-22,Seu canal do YouTube,0
2025-06-23,Seu canal do YouTube,-1
2025-06-24,Seu canal do YouTube,-1
2025-06-25,Seu canal do YouTube,0
2025-06-26,Seu canal do YouTube,0
2025-06-27,Seu canal do YouTube,1
2025-06-28,Seu canal do YouTube,-1
2025-06-29,Seu canal do YouTube,0
2025-06-30,Seu canal do YouTube,0
2025-07-01,Seu canal do YouTube,1
2025-07-02,Seu canal do YouTube,-1
2025-07-03,Seu canal do YouTube,-1
2025-07-04,Seu canal do YouTube,0
2025-07-05,Seu canal do YouTube,0
2025-07-06,Seu canal do YouTube,0
2025-07-07,Seu canal do YouTube,0
2025-07-08,Seu canal do YouTube,0
2025-07-09,Seu canal do YouTube,0
2025-07-10,Seu canal do YouTube,0
2025-07-11,Seu canal do YouTube,0
2025-07-12,Seu canal do YouTube,0
2025-07-13,Seu canal do YouTube,0
2025-07-14,Seu canal do YouTube,0
2025-07-15,Seu canal do YouTube,1
2025-07-16,Seu canal do YouTube,0
2025-07-17,Seu canal do YouTube,0
2025-07-18,Seu canal do YouTube,2
2025-07-19,Seu canal do YouTube,0
2025-07-20,Seu canal do YouTube,0
2025-07-21,Seu canal do YouTube,0
2025-07-22,Seu canal do YouTube,0
2025-07-23,Seu canal do YouTube,1
2025-07-24,Seu canal do YouTube,0
2025-07-25,Seu canal do YouTube,1
2025-07-26,Seu canal do YouTube,0
2025-07-27,Seu canal do YouTube,0
2025-07-28,Seu canal do YouTube,0
2025-07-29,Seu canal do YouTube,0
2025-07-30,Seu canal do YouTube,0
2025-07-31,Seu canal do YouTube,0
2025-08-01,Seu canal do YouTube,0
2025-08-02,Seu canal do YouTube,0
2025-08-03,Seu canal do YouTube,0
2025-08-04,Seu canal do YouTube,0
2025-08-05,Seu canal do YouTube,0
2025-08-06,Seu canal do YouTube,0
2025-08-07,Seu canal do YouTube,0
2025-08-08,Seu canal do YouTube,1
2025-08-09,Seu canal do YouTube,1
2025-08-10,Seu canal do YouTube,0
2025-08-11,Seu canal do YouTube,0
2025-08-12,Seu canal do YouTube,0
2025-08-13,Seu canal do YouTube,0
2025-08-14,Seu canal do YouTube,0
2025-08-15,Seu canal do YouTube,0
2025-08-16,Seu canal do YouTube,1
2025-08-17,Seu canal do YouTube,0
2025-08-18,Seu canal do YouTube,0
2025-08-19,Seu canal do YouTube,0
2025-08-20,Seu canal do YouTube,0
2025-08-21,Seu canal do YouTube,0
2025-08-22,Seu canal do YouTube,1
2025-08-23,Seu canal do YouTube,0
2025-08-24,Seu canal do YouTube,0
2025-08-25,Seu canal do YouTube,0
2025-08-26,Seu canal do YouTube,0
2025-08-27,Seu canal do YouTube,0
2025-08-28,Seu canal do YouTube,0
2025-08-29,Seu canal do YouTube,0
2025-08-30,Seu canal do YouTube,0
2025-08-31,Seu canal do YouTube,0
2025-09-01,Seu canal do YouTube,0
2025-09-02,Seu canal do YouTube,1
2025-09-03,Seu canal do YouTube,0
2025-09-04,Seu canal do YouTube,0
2025-09-05,Seu canal do YouTube,0
2025-09-06,Seu canal do YouTube,0
2025-09-07,Seu canal do YouTube,0
2025-09-08,Seu canal do YouTube,1
2025-09-09,Seu canal do YouTube,0
2025-09-10,Seu canal do YouTube,0
2025-09-11,Seu canal do YouTube,0
2025-09-12,Seu canal do YouTube,0
2025-09-13,Seu canal do YouTube,0
2025-09-14,Seu canal do YouTube,0
2025-09-15,Seu canal do YouTube,0
2025-09-16,Seu canal do YouTube,0
2025-09-17,Seu canal do YouTube,0
2025-09-18,Seu canal do YouTube,1
2025-09-19,Seu canal do YouTube,0
2025-09-20,Seu canal do YouTube,0
2025-09-21,Seu canal do YouTube,0
2025-09-22,Seu canal do YouTube,1
2025-09-23,Seu canal do YouTube,1
2025-09-24,Seu canal do YouTube,0
2025-09-25,Seu canal do YouTube,0
2025-09-26,Seu canal do YouTube,1
2025-09-27,Seu canal do YouTube,0
2025-09-28,Seu canal do YouTube,0
2025-09-29,Seu canal do YouTube,0
2025-09-30,Seu canal do YouTube,0
2025-10-01,Seu canal do YouTube,0
2025-10-02,Seu canal do YouTube,0
2025-10-03,Seu canal do YouTube,0
2025-10-04,Seu canal do YouTube,0
2025-10-05,Seu canal do YouTube,0
2025-10-06,Seu canal do YouTube,0
2025-10-07,Seu canal do YouTube,1
2025-10-08,Seu canal do YouTube,0
2025-10-09,Seu canal do YouTube,0
2025-10-10,Seu canal do YouTube,0
2025-10-11,Seu canal do YouTube,0
2025-10-12,Seu canal do YouTube,0
2025-10-13,Seu canal do YouTube,0
2025-10-14,Seu canal do YouTube,0
2025-10-15,Seu canal do YouTube,0
2025-10-16,Seu canal do YouTube,1
2025-10-17,Seu canal do YouTube,0
2025-10-18,Seu canal do YouTube,0
2025-10-19,Seu canal do YouTube,0
2025-10-20,Seu canal do YouTube,1
2025-10-21,Seu canal do YouTube,0
2025-10-22,Seu canal do YouTube,0
2025-10-23,Seu canal do YouTube,0
2025-10-24,Seu canal do YouTube,0
2025-10-25,Seu canal do YouTube,0
2025-10-26,Seu canal do YouTube,1
2025-10-27,Seu canal do YouTube,1
2025-10-28,Seu canal do YouTube,3
2025-10-29,Seu canal do YouTube,0
2025-10-30,Seu canal do YouTube,0
2025-10-31,Seu canal do YouTube,0
2025-11-01,Seu canal do YouTube,0
2025-11-02,Seu canal do YouTube,0
2025-11-03,Seu canal do YouTube,0
2025-11-04,Seu canal do YouTube,1
2025-11-05,Seu canal do YouTube,2
2025-11-06,Seu canal do YouTube,1
2025-11-07,Seu canal do YouTube,0
2025-11-08,Seu canal do YouTube,1
2025-11-09,Seu canal do YouTube,0
2025-11-10,Seu canal do YouTube,0
2025-11-11,Seu canal do YouTube,0
2025-11-12,Seu canal do YouTube,2
2025-11-13,Seu canal do YouTube,0
2025-11-14,Seu canal do YouTube,0
2025-11-15,Seu canal do YouTube,1
2025-11-16,Seu canal do YouTube,1
2025-11-17,Seu canal do YouTube,0
2025-11-18,Seu canal do YouTube,1
2025-11-19,Seu canal do YouTube,1
2025-11-20,Seu canal do YouTube,1
2025-11-21,Seu canal do YouTube,1
2025-11-22,Seu canal do YouTube,0
2025-11-23,Seu canal do YouTube,0
2025-11-24,Seu canal do YouTube,0
2025-11-25,Seu canal do YouTube,0
2025-11-26,Seu canal do YouTube,0
2025-11-27,Seu canal do YouTube,1
2025-11-28,Seu canal do YouTube,0
2025-11-29,Seu canal do YouTube,1
2025-11-30,Seu canal do YouTube,0
2025-12-01,Seu canal do YouTube,0
2025-12-02,Seu canal do YouTube,0
2025-12-03,Seu canal do YouTube,0
2025-12-04,Seu canal do YouTube,0
2025-12-05,Seu canal do YouTube,0
2025-12-06,Seu canal do YouTube,0
2025-12-07,Seu canal do YouTube,0
2025-12-08,Seu canal do YouTube,0
2025-12-09,Seu canal do YouTube,0
2025-12-10,Seu canal do YouTube,0
2025-12-11,Seu canal do YouTube,0
2025-12-12,Seu canal do YouTube,1
2025-12-13,Seu canal do YouTube,0
2025-12-14,Seu canal do YouTube,0
2025-12-15,Seu canal do YouTube,0
2025-12-16,Seu canal do YouTube,0
2025-12-17,Seu canal do YouTube,0
2025-12-18,Seu canal do YouTube,0
2025-12-19,Seu canal do YouTube,0
2025-12-20,Seu canal do YouTube,0
2025-12-21,Seu canal do YouTube,0
2025-12-22,Seu canal do YouTube,0
2025-12-23,Seu canal do YouTube,1
2025-12-24,Seu canal do YouTube,0
2025-12-25,Seu canal do YouTube,2
2025-12-26,Seu canal do YouTube,0
2025-12-27,Seu canal do YouTube,-1
2025-12-28,Seu canal do YouTube,0
2025-12-29,Seu canal do YouTube,0
2025-12-30,Seu canal do YouTube,1
2025-12-31,Seu canal do YouTube,0
2026-01-01,Seu canal do YouTube,0
2026-01-02,Seu canal do YouTube,3
2026-01-03,Seu canal do YouTube,1
2026-01-04,Seu canal do YouTube,2
2026-01-05,Seu canal do YouTube,0
2026-01-06,Seu canal do YouTube,1
2026-01-07,Seu canal do YouTube,0
2026-01-08,Seu canal do YouTube,2
2026-01-09,Seu canal do YouTube,0
2026-01-10,Seu canal do YouTube,1
2026-01-11,Seu canal do YouTube,1
2026-01-12,Seu canal do YouTube,1
2026-01-13,Seu canal do YouTube,0
2026-01-14,Seu canal do YouTube,1
2026-01-15,Seu canal do YouTube,1
2026-01-16,Seu canal do YouTube,0
2026-01-17,Seu canal do YouTube,0
2026-01-18,Seu canal do YouTube,-1
2026-01-19,Seu canal do YouTube,0
2026-01-20,Seu canal do YouTube,1
2026-01-21,Seu canal do YouTube,0
2026-01-22,Seu canal do YouTube,0
2026-01-23,Seu canal do YouTube,3
2026-01-24,Seu canal do YouTube,0
2026-01-25,Seu canal do YouTube,1
2026-01-26,Seu canal do YouTube,0
2026-01-27,Seu canal do YouTube,0
2026-01-28,Seu canal do YouTube,0
2026-01-29,Seu canal do YouTube,0
2026-01-30,Seu canal do YouTube,0
2026-01-31,Seu canal do YouTube,0
2026-02-01,Seu canal do YouTube,0
2026-02-02,Seu canal do YouTube,1
2026-02-03,Seu canal do YouTube,0
2026-02-04,Seu canal do YouTube,0
2026-02-05,Seu canal do YouTube,1
2026-02-06,Seu canal do YouTube,1
2026-02-07,Seu canal do YouTube,1
2026-02-08,Seu canal do YouTube,-1
2026-02-09,Seu canal do YouTube,1
2026-02-10,Seu canal do YouTube,0
2026-02-11,Seu canal do YouTube,0
2026-02-12,Seu canal do YouTube,2
2026-02-13,Seu canal do YouTube,1
2026-02-14,Seu canal do YouTube,0
2026-02-15,Seu canal do YouTube,0
2026-02-16,Seu canal do YouTube,0
2026-02-17,Seu canal do YouTube,0
2026-02-18,Seu canal do YouTube,1
2026-02-19,Seu canal do YouTube,1
2026-02-20,Seu canal do YouTube,4
2026-02-21,Seu canal do YouTube,2
2026-02-22,Seu canal do YouTube,0
2026-02-23,Seu canal do YouTube,1
2026-02-24,Seu canal do YouTube,0
2026-02-25,Seu canal do YouTube,1
2026-02-26,Seu canal do YouTube,0
2026-02-27,Seu canal do YouTube,0
2026-02-28,Seu canal do YouTube,0
2026-03-01,Seu canal do YouTube,0
2026-03-02,Seu canal do YouTube,0
2026-03-03,Seu canal do YouTube,-1
2026-03-04,Seu canal do YouTube,1
2026-03-05,Seu canal do YouTube,2
2026-03-06,Seu canal do YouTube,0
2026-03-07,Seu canal do YouTube,2
2026-03-08,Seu canal do YouTube,0
2026-03-09,Seu canal do YouTube,1
2026-03-10,Seu canal do YouTube,0
2026-03-11,Seu canal do YouTube,0
2026-03-12,Seu canal do YouTube,0
2026-03-13,Seu canal do YouTube,0
2026-03-14,Seu canal do YouTube,0
2026-03-15,Seu canal do YouTube,1
2026-03-16,Seu canal do YouTube,0
2026-03-17,Seu canal do YouTube,0
2026-03-18,Seu canal do YouTube,0
2026-03-19,Seu canal do YouTube,0
2026-03-20,Seu canal do YouTube,0
2026-03-21,Seu canal do YouTube,0
2026-03-22,Seu canal do YouTube,0
2026-03-23,Seu canal do YouTube,1
2026-03-24,Seu canal do YouTube,0
2026-03-25,Seu canal do YouTube,1
2026-03-26,Seu canal do YouTube,0
2026-03-27,Seu canal do YouTube,1
2026-03-28,Seu canal do YouTube,0
2026-03-29,Seu canal do YouTube,0
2026-03-30,Seu canal do YouTube,0
2026-03-31,Seu canal do YouTube,0
2026-04-01,Seu canal do YouTube,-1
2026-04-02,Seu canal do YouTube,2
2026-04-03,Seu canal do YouTube,1
2026-04-04,Seu canal do YouTube,1
2026-04-05,Seu canal do YouTube,0
2026-04-06,Seu canal do YouTube,2
2026-04-07,Seu canal do YouTube,0
2026-04-08,Seu canal do YouTube,1
2026-04-09,Seu canal do YouTube,0
2026-04-10,Seu canal do YouTube,0
2026-04-11,Seu canal do YouTube,1
2026-04-12,Seu canal do YouTube,0
2025-04-13,Pesquisa do YouTube,0
2025-04-14,Pesquisa do YouTube,0
2025-04-15,Pesquisa do YouTube,0
2025-04-16,Pesquisa do YouTube,0
2025-04-17,Pesquisa do YouTube,0
2025-04-18,Pesquisa do YouTube,0
2025-04-19,Pesquisa do YouTube,0
2025-04-20,Pesquisa do YouTube,0
2025-04-21,Pesquisa do YouTube,0
2025-04-22,Pesquisa do YouTube,0
2025-04-23,Pesquisa do YouTube,0
2025-04-24,Pesquisa do YouTube,0
2025-04-25,Pesquisa do YouTube,0
2025-04-26,Pesquisa do YouTube,0
2025-04-27,Pesquisa do YouTube,0
2025-04-28,Pesquisa do YouTube,0
2025-04-29,Pesquisa do YouTube,0
2025-04-30,Pesquisa do YouTube,0
2025-05-01,Pesquisa do YouTube,0
2025-05-02,Pesquisa do YouTube,0
2025-05-03,Pesquisa do YouTube,0
2025-05-04,Pesquisa do YouTube,0
2025-05-05,Pesquisa do YouTube,0
2025-05-06,Pesquisa do YouTube,0
2025-05-07,Pesquisa do YouTube,0
2025-05-08,Pesquisa do YouTube,0
2025-05-09,Pesquisa do YouTube,0
2025-05-10,Pesquisa do YouTube,1
2025-05-11,Pesquisa do YouTube,0
2025-05-12,Pesquisa do YouTube,0
2025-05-13,Pesquisa do YouTube,0
2025-05-14,Pesquisa do YouTube,0
2025-05-15,Pesquisa do YouTube,0
2025-05-16,Pesquisa do YouTube,0
2025-05-17,Pesquisa do YouTube,0
2025-05-18,Pesquisa do YouTube,0
2025-05-19,Pesquisa do YouTube,0
2025-05-20,Pesquisa do YouTube,0
2025-05-21,Pesquisa do YouTube,0
2025-05-22,Pesquisa do YouTube,0
2025-05-23,Pesquisa do YouTube,0
2025-05-24,Pesquisa do YouTube,0
2025-05-25,Pesquisa do YouTube,0
2025-05-26,Pesquisa do YouTube,0
2025-05-27,Pesquisa do YouTube,0
2025-05-28,Pesquisa do YouTube,0
2025-05-29,Pesquisa do YouTube,0
2025-05-30,Pesquisa do YouTube,0
2025-05-31,Pesquisa do YouTube,0
2025-06-01,Pesquisa do YouTube,0
2025-06-02,Pesquisa do YouTube,0
2025-06-03,Pesquisa do YouTube,0
2025-06-04,Pesquisa do YouTube,0
2025-06-05,Pesquisa do YouTube,0
2025-06-06,Pesquisa do YouTube,0
2025-06-07,Pesquisa do YouTube,0
2025-06-08,Pesquisa do YouTube,0
2025-06-09,Pesquisa do YouTube,0
2025-06-10,Pesquisa do YouTube,0
2025-06-11,Pesquisa do YouTube,0
2025-06-12,Pesquisa do YouTube,0
2025-06-13,Pesquisa do YouTube,0
2025-06-14,Pesquisa do YouTube,0
2025-06-15,Pesquisa do YouTube,0
2025-06-16,Pesquisa do YouTube,0
2025-06-17,Pesquisa do YouTube,0
2025-06-18,Pesquisa do YouTube,0
2025-06-19,Pesquisa do YouTube,0
2025-06-20,Pesquisa do YouTube,0
2025-06-21,Pesquisa do YouTube,0
2025-06-22,Pesquisa do YouTube,0
2025-06-23,Pesquisa do YouTube,0
2025-06-24,Pesquisa do YouTube,0
2025-06-25,Pesquisa do YouTube,0
2025-06-26,Pesquisa do YouTube,0
2025-06-27,Pesquisa do YouTube,0
2025-06-28,Pesquisa do YouTube,0
2025-06-29,Pesquisa do YouTube,0
2025-06-30,Pesquisa do YouTube,0
2025-07-01,Pesquisa do YouTube,1
2025-07-02,Pesquisa do YouTube,0
2025-07-03,Pesquisa do YouTube,0
2025-07-04,Pesquisa do YouTube,0
2025-07-05,Pesquisa do YouTube,0
2025-07-06,Pesquisa do YouTube,0
2025-07-07,Pesquisa do YouTube,0
2025-07-08,Pesquisa do YouTube,0
2025-07-09,Pesquisa do YouTube,0
2025-07-10,Pesquisa do YouTube,0
2025-07-11,Pesquisa do YouTube,0
2025-07-12,Pesquisa do YouTube,0
2025-07-13,Pesquisa do YouTube,0
2025-07-14,Pesquisa do YouTube,1
2025-07-15,Pesquisa do YouTube,0
2025-07-16,Pesquisa do YouTube,0
2025-07-17,Pesquisa do YouTube,0
2025-07-18,Pesquisa do YouTube,0
2025-07-19,Pesquisa do YouTube,0
2025-07-20,Pesquisa do YouTube,0
2025-07-21,Pesquisa do YouTube,0
2025-07-22,Pesquisa do YouTube,0
2025-07-23,Pesquisa do YouTube,0
2025-07-24,Pesquisa do YouTube,0
2025-07-25,Pesquisa do YouTube,0
2025-07-26,Pesquisa do YouTube,0
2025-07-27,Pesquisa do YouTube,0
2025-07-28,Pesquisa do YouTube,0
2025-07-29,Pesquisa do YouTube,0
2025-07-30,Pesquisa do YouTube,0
2025-07-31,Pesquisa do YouTube,0
2025-08-01,Pesquisa do YouTube,0
2025-08-02,Pesquisa do YouTube,0
2025-08-03,Pesquisa do YouTube,0
2025-08-04,Pesquisa do YouTube,0
2025-08-05,Pesquisa do YouTube,1
2025-08-06,Pesquisa do YouTube,0
2025-08-07,Pesquisa do YouTube,0
2025-08-08,Pesquisa do YouTube,0
2025-08-09,Pesquisa do YouTube,0
2025-08-10,Pesquisa do YouTube,0
2025-08-11,Pesquisa do YouTube,0
2025-08-12,Pesquisa do YouTube,0
2025-08-13,Pesquisa do YouTube,0
2025-08-14,Pesquisa do YouTube,0
2025-08-15,Pesquisa do YouTube,0
2025-08-16,Pesquisa do YouTube,0
2025-08-17,Pesquisa do YouTube,0
2025-08-18,Pesquisa do YouTube,1
2025-08-19,Pesquisa do YouTube,0
2025-08-20,Pesquisa do YouTube,0
2025-08-21,Pesquisa do YouTube,0
2025-08-22,Pesquisa do YouTube,0
2025-08-23,Pesquisa do YouTube,0
2025-08-24,Pesquisa do YouTube,0
2025-08-25,Pesquisa do YouTube,0
2025-08-26,Pesquisa do YouTube,0
2025-08-27,Pesquisa do YouTube,0
2025-08-28,Pesquisa do YouTube,0
2025-08-29,Pesquisa do YouTube,0
2025-08-30,Pesquisa do YouTube,0
2025-08-31,Pesquisa do YouTube,0
2025-09-01,Pesquisa do YouTube,0
2025-09-02,Pesquisa do YouTube,0
2025-09-03,Pesquisa do YouTube,0
2025-09-04,Pesquisa do YouTube,0
2025-09-05,Pesquisa do YouTube,0
2025-09-06,Pesquisa do YouTube,0
2025-09-07,Pesquisa do YouTube,0
2025-09-08,Pesquisa do YouTube,0
2025-09-09,Pesquisa do YouTube,0
2025-09-10,Pesquisa do YouTube,0
2025-09-11,Pesquisa do YouTube,0
2025-09-12,Pesquisa do YouTube,1
2025-09-13,Pesquisa do YouTube,0
2025-09-14,Pesquisa do YouTube,0
2025-09-15,Pesquisa do YouTube,0
2025-09-16,Pesquisa do YouTube,1
2025-09-17,Pesquisa do YouTube,0
2025-09-18,Pesquisa do YouTube,0
2025-09-19,Pesquisa do YouTube,0
2025-09-20,Pesquisa do YouTube,0
2025-09-21,Pesquisa do YouTube,0
2025-09-22,Pesquisa do YouTube,0
2025-09-23,Pesquisa do YouTube,0
2025-09-24,Pesquisa do YouTube,0
2025-09-25,Pesquisa do YouTube,0
2025-09-26,Pesquisa do YouTube,0
2025-09-27,Pesquisa do YouTube,0
2025-09-28,Pesquisa do YouTube,0
2025-09-29,Pesquisa do YouTube,0
2025-09-30,Pesquisa do YouTube,0
2025-10-01,Pesquisa do YouTube,0
2025-10-02,Pesquisa do YouTube,0
2025-10-03,Pesquisa do YouTube,0
2025-10-04,Pesquisa do YouTube,0
2025-10-05,Pesquisa do YouTube,0
2025-10-06,Pesquisa do YouTube,0
2025-10-07,Pesquisa do YouTube,0
2025-10-08,Pesquisa do YouTube,0
2025-10-09,Pesquisa do YouTube,0
2025-10-10,Pesquisa do YouTube,0
2025-10-11,Pesquisa do YouTube,0
2025-10-12,Pesquisa do YouTube,0
2025-10-13,Pesquisa do YouTube,0
2025-10-14,Pesquisa do YouTube,0
2025-10-15,Pesquisa do YouTube,0
2025-10-16,Pesquisa do YouTube,0
2025-10-17,Pesquisa do YouTube,0
2025-10-18,Pesquisa do YouTube,1
2025-10-19,Pesquisa do YouTube,0
2025-10-20,Pesquisa do YouTube,0
2025-10-21,Pesquisa do YouTube,0
2025-10-22,Pesquisa do YouTube,0
2025-10-23,Pesquisa do YouTube,0
2025-10-24,Pesquisa do YouTube,0
2025-10-25,Pesquisa do YouTube,0
2025-10-26,Pesquisa do YouTube,0
2025-10-27,Pesquisa do YouTube,1
2025-10-28,Pesquisa do YouTube,0
2025-10-29,Pesquisa do YouTube,0
2025-10-30,Pesquisa do YouTube,1
2025-10-31,Pesquisa do YouTube,0
2025-11-01,Pesquisa do YouTube,0
2025-11-02,Pesquisa do YouTube,0
2025-11-03,Pesquisa do YouTube,0
2025-11-04,Pesquisa do YouTube,0
2025-11-05,Pesquisa do YouTube,0
2025-11-06,Pesquisa do YouTube,0
2025-11-07,Pesquisa do YouTube,0
2025-11-08,Pesquisa do YouTube,0
2025-11-09,Pesquisa do YouTube,0
2025-11-10,Pesquisa do YouTube,0
2025-11-11,Pesquisa do YouTube,0
2025-11-12,Pesquisa do YouTube,0
2025-11-13,Pesquisa do YouTube,0
2025-11-14,Pesquisa do YouTube,0
2025-11-15,Pesquisa do YouTube,0
2025-11-16,Pesquisa do YouTube,0
2025-11-17,Pesquisa do YouTube,0
2025-11-18,Pesquisa do YouTube,0
2025-11-19,Pesquisa do YouTube,0
2025-11-20,Pesquisa do YouTube,0
2025-11-21,Pesquisa do YouTube,0
2025-11-22,Pesquisa do YouTube,0
2025-11-23,Pesquisa do YouTube,0
2025-11-24,Pesquisa do YouTube,0
2025-11-25,Pesquisa do YouTube,0
2025-11-26,Pesquisa do YouTube,0
2025-11-27,Pesquisa do YouTube,0
2025-11-28,Pesquisa do YouTube,0
2025-11-29,Pesquisa do YouTube,1
2025-11-30,Pesquisa do YouTube,0
2025-12-01,Pesquisa do YouTube,0
2025-12-02,Pesquisa do YouTube,0
2025-12-03,Pesquisa do YouTube,0
2025-12-04,Pesquisa do YouTube,0
2025-12-05,Pesquisa do YouTube,1
2025-12-06,Pesquisa do YouTube,0
2025-12-07,Pesquisa do YouTube,0
2025-12-08,Pesquisa do YouTube,0
2025-12-09,Pesquisa do YouTube,0
2025-12-10,Pesquisa do YouTube,0
2025-12-11,Pesquisa do YouTube,0
2025-12-12,Pesquisa do YouTube,0
2025-12-13,Pesquisa do YouTube,0
2025-12-14,Pesquisa do YouTube,0
2025-12-15,Pesquisa do YouTube,0
2025-12-16,Pesquisa do YouTube,0
2025-12-17,Pesquisa do YouTube,0
2025-12-18,Pesquisa do YouTube,1
2025-12-19,Pesquisa do YouTube,0
2025-12-20,Pesquisa do YouTube,0
2025-12-21,Pesquisa do YouTube,1
2025-12-22,Pesquisa do YouTube,0
2025-12-23,Pesquisa do YouTube,1
2025-12-24,Pesquisa do YouTube,0
2025-12-25,Pesquisa do YouTube,1
2025-12-26,Pesquisa do YouTube,0
2025-12-27,Pesquisa do YouTube,0
2025-12-28,Pesquisa do YouTube,0
2025-12-29,Pesquisa do YouTube,0
2025-12-30,Pesquisa do YouTube,0
2025-12-31,Pesquisa do YouTube,0
2026-01-01,Pesquisa do YouTube,1
2026-01-02,Pesquisa do YouTube,0
2026-01-03,Pesquisa do YouTube,0
2026-01-04,Pesquisa do YouTube,0
2026-01-05,Pesquisa do YouTube,0
2026-01-06,Pesquisa do YouTube,0
2026-01-07,Pesquisa do YouTube,0
2026-01-08,Pesquisa do YouTube,0
2026-01-09,Pesquisa do YouTube,0
2026-01-10,Pesquisa do YouTube,0
2026-01-11,Pesquisa do YouTube,0
2026-01-12,Pesquisa do YouTube,0
2026-01-13,Pesquisa do YouTube,0
2026-01-14,Pesquisa do YouTube,0
2026-01-15,Pesquisa do YouTube,0
2026-01-16,Pesquisa do YouTube,1
2026-01-17,Pesquisa do YouTube,1
2026-01-18,Pesquisa do YouTube,0
2026-01-19,Pesquisa do YouTube,0
2026-01-20,Pesquisa do YouTube,0
2026-01-21,Pesquisa do YouTube,0
2026-01-22,Pesquisa do YouTube,1
2026-01-23,Pesquisa do YouTube,0
2026-01-24,Pesquisa do YouTube,0
2026-01-25,Pesquisa do YouTube,0
2026-01-26,Pesquisa do YouTube,0
2026-01-27,Pesquisa do YouTube,1
2026-01-28,Pesquisa do YouTube,0
2026-01-29,Pesquisa do YouTube,1
2026-01-30,Pesquisa do YouTube,1
2026-01-31,Pesquisa do YouTube,0
2026-02-01,Pesquisa do YouTube,0
2026-02-02,Pesquisa do YouTube,0
2026-02-03,Pesquisa do YouTube,0
2026-02-04,Pesquisa do YouTube,0
2026-02-05,Pesquisa do YouTube,0
2026-02-06,Pesquisa do YouTube,0
2026-02-07,Pesquisa do YouTube,0
2026-02-08,Pesquisa do YouTube,0
2026-02-09,Pesquisa do YouTube,1
2026-02-10,Pesquisa do YouTube,0
2026-02-11,Pesquisa do YouTube,0
2026-02-12,Pesquisa do YouTube,0
2026-02-13,Pesquisa do YouTube,1
2026-02-14,Pesquisa do YouTube,0
2026-02-15,Pesquisa do YouTube,1
2026-02-16,Pesquisa do YouTube,0
2026-02-17,Pesquisa do YouTube,0
2026-02-18,Pesquisa do YouTube,0
2026-02-19,Pesquisa do YouTube,0
2026-02-20,Pesquisa do YouTube,0
2026-02-21,Pesquisa do YouTube,1
2026-02-22,Pesquisa do YouTube,1
2026-02-23,Pesquisa do YouTube,0
2026-02-24,Pesquisa do YouTube,0
2026-02-25,Pesquisa do YouTube,0
2026-02-26,Pesquisa do YouTube,0
2026-02-27,Pesquisa do YouTube,0
2026-02-28,Pesquisa do YouTube,0
2026-03-01,Pesquisa do YouTube,1
2026-03-02,Pesquisa do YouTube,0
2026-03-03,Pesquisa do YouTube,1
2026-03-04,Pesquisa do YouTube,0
2026-03-05,Pesquisa do YouTube,0
2026-03-06,Pesquisa do YouTube,0
2026-03-07,Pesquisa do YouTube,0
2026-03-08,Pesquisa do YouTube,1
2026-03-09,Pesquisa do YouTube,0
2026-03-10,Pesquisa do YouTube,0
2026-03-11,Pesquisa do YouTube,0
2026-03-12,Pesquisa do YouTube,0
2026-03-13,Pesquisa do YouTube,1
2026-03-14,Pesquisa do YouTube,0
2026-03-15,Pesquisa do YouTube,0
2026-03-16,Pesquisa do YouTube,0
2026-03-17,Pesquisa do YouTube,0
2026-03-18,Pesquisa do YouTube,0
2026-03-19,Pesquisa do YouTube,0
2026-03-20,Pesquisa do YouTube,1
2026-03-21,Pesquisa do YouTube,0
2026-03-22,Pesquisa do YouTube,0
2026-03-23,Pesquisa do YouTube,0
2026-03-24,Pesquisa do YouTube,0
2026-03-25,Pesquisa do YouTube,0
2026-03-26,Pesquisa do YouTube,1
2026-03-27,Pesquisa do YouTube,0
2026-03-28,Pesquisa do YouTube,0
2026-03-29,Pesquisa do YouTube,0
2026-03-30,Pesquisa do YouTube,0
2026-03-31,Pesquisa do YouTube,0
2026-04-01,Pesquisa do YouTube,0
2026-04-02,Pesquisa do YouTube,0
2026-04-03,Pesquisa do YouTube,0
2026-04-04,Pesquisa do YouTube,1
2026-04-05,Pesquisa do YouTube,0
2026-04-06,Pesquisa do YouTube,0
2026-04-07,Pesquisa do YouTube,0
2026-04-08,Pesquisa do YouTube,0
2026-04-09,Pesquisa do YouTube,0
2026-04-10,Pesquisa do YouTube,0
2026-04-11,Pesquisa do YouTube,0
2026-04-12,Pesquisa do YouTube,0
2025-04-13,Feed dos Shorts,2
2025-04-14,Feed dos Shorts,0
2025-04-15,Feed dos Shorts,4
2025-04-16,Feed dos Shorts,9
2025-04-17,Feed dos Shorts,3
2025-04-18,Feed dos Shorts,2
2025-04-19,Feed dos Shorts,3
2025-04-20,Feed dos Shorts,0
2025-04-21,Feed dos Shorts,2
2025-04-22,Feed dos Shorts,2
2025-04-23,Feed dos Shorts,2
2025-04-24,Feed dos Shorts,0
2025-04-25,Feed dos Shorts,1
2025-04-26,Feed dos Shorts,1
2025-04-27,Feed dos Shorts,3
2025-04-28,Feed dos Shorts,0
2025-04-29,Feed dos Shorts,0
2025-04-30,Feed dos Shorts,5
2025-05-01,Feed dos Shorts,2
2025-05-02,Feed dos Shorts,1
2025-05-03,Feed dos Shorts,3
2025-05-04,Feed dos Shorts,2
2025-05-05,Feed dos Shorts,1
2025-05-06,Feed dos Shorts,0
2025-05-07,Feed dos Shorts,0
2025-05-08,Feed dos Shorts,0
2025-05-09,Feed dos Shorts,3
2025-05-10,Feed dos Shorts,1
2025-05-11,Feed dos Shorts,1
2025-05-12,Feed dos Shorts,2
2025-05-13,Feed dos Shorts,1
2025-05-14,Feed dos Shorts,0
2025-05-15,Feed dos Shorts,0
2025-05-16,Feed dos Shorts,1
2025-05-17,Feed dos Shorts,2
2025-05-18,Feed dos Shorts,0
2025-05-19,Feed dos Shorts,3
2025-05-20,Feed dos Shorts,1
2025-05-21,Feed dos Shorts,1
2025-05-22,Feed dos Shorts,1
2025-05-23,Feed dos Shorts,0
2025-05-24,Feed dos Shorts,2
2025-05-25,Feed dos Shorts,2
2025-05-26,Feed dos Shorts,0
2025-05-27,Feed dos Shorts,2
2025-05-28,Feed dos Shorts,4
2025-05-29,Feed dos Shorts,2
2025-05-30,Feed dos Shorts,1
2025-05-31,Feed dos Shorts,1
2025-06-01,Feed dos Shorts,0
2025-06-02,Feed dos Shorts,0
2025-06-03,Feed dos Shorts,1
2025-06-04,Feed dos Shorts,2
2025-06-05,Feed dos Shorts,0
2025-06-06,Feed dos Shorts,0
2025-06-07,Feed dos Shorts,0
2025-06-08,Feed dos Shorts,0
2025-06-09,Feed dos Shorts,0
2025-06-10,Feed dos Shorts,0
2025-06-11,Feed dos Shorts,2
2025-06-12,Feed dos Shorts,2
2025-06-13,Feed dos Shorts,1
2025-06-14,Feed dos Shorts,1
2025-06-15,Feed dos Shorts,0
2025-06-16,Feed dos Shorts,0
2025-06-17,Feed dos Shorts,0
2025-06-18,Feed dos Shorts,0
2025-06-19,Feed dos Shorts,3
2025-06-20,Feed dos Shorts,3
2025-06-21,Feed dos Shorts,0
2025-06-22,Feed dos Shorts,0
2025-06-23,Feed dos Shorts,8
2025-06-24,Feed dos Shorts,3
2025-06-25,Feed dos Shorts,0
2025-06-26,Feed dos Shorts,5
2025-06-27,Feed dos Shorts,8
2025-06-28,Feed dos Shorts,2
2025-06-29,Feed dos Shorts,0
2025-06-30,Feed dos Shorts,0
2025-07-01,Feed dos Shorts,0
2025-07-02,Feed dos Shorts,2
2025-07-03,Feed dos Shorts,0
2025-07-04,Feed dos Shorts,1
2025-07-05,Feed dos Shorts,0
2025-07-06,Feed dos Shorts,0
2025-07-07,Feed dos Shorts,0
2025-07-08,Feed dos Shorts,1
2025-07-09,Feed dos Shorts,1
2025-07-10,Feed dos Shorts,0
2025-07-11,Feed dos Shorts,1
2025-07-12,Feed dos Shorts,0
2025-07-13,Feed dos Shorts,1
2025-07-14,Feed dos Shorts,1
2025-07-15,Feed dos Shorts,0
2025-07-16,Feed dos Shorts,0
2025-07-17,Feed dos Shorts,1
2025-07-18,Feed dos Shorts,0
2025-07-19,Feed dos Shorts,0
2025-07-20,Feed dos Shorts,0
2025-07-21,Feed dos Shorts,2
2025-07-22,Feed dos Shorts,1
2025-07-23,Feed dos Shorts,1
2025-07-24,Feed dos Shorts,0
2025-07-25,Feed dos Shorts,1
2025-07-26,Feed dos Shorts,0
2025-07-27,Feed dos Shorts,1
2025-07-28,Feed dos Shorts,1
2025-07-29,Feed dos Shorts,1
2025-07-30,Feed dos Shorts,0
2025-07-31,Feed dos Shorts,1
2025-08-01,Feed dos Shorts,3
2025-08-02,Feed dos Shorts,1
2025-08-03,Feed dos Shorts,1
2025-08-04,Feed dos Shorts,2
2025-08-05,Feed dos Shorts,0
2025-08-06,Feed dos Shorts,0
2025-08-07,Feed dos Shorts,2
2025-08-08,Feed dos Shorts,1
2025-08-09,Feed dos Shorts,0
2025-08-10,Feed dos Shorts,0
2025-08-11,Feed dos Shorts,2
2025-08-12,Feed dos Shorts,1
2025-08-13,Feed dos Shorts,2
2025-08-14,Feed dos Shorts,1
2025-08-15,Feed dos Shorts,1
2025-08-16,Feed dos Shorts,4
2025-08-17,Feed dos Shorts,0
2025-08-18,Feed dos Shorts,1
2025-08-19,Feed dos Shorts,0
2025-08-20,Feed dos Shorts,0
2025-08-21,Feed dos Shorts,2
2025-08-22,Feed dos Shorts,2
2025-08-23,Feed dos Shorts,1
2025-08-24,Feed dos Shorts,0
2025-08-25,Feed dos Shorts,0
2025-08-26,Feed dos Shorts,0
2025-08-27,Feed dos Shorts,0
2025-08-28,Feed dos Shorts,1
2025-08-29,Feed dos Shorts,0
2025-08-30,Feed dos Shorts,0
2025-08-31,Feed dos Shorts,4
2025-09-01,Feed dos Shorts,1
2025-09-02,Feed dos Shorts,3
2025-09-03,Feed dos Shorts,2
2025-09-04,Feed dos Shorts,0
2025-09-05,Feed dos Shorts,0
2025-09-06,Feed dos Shorts,0
2025-09-07,Feed dos Shorts,0
2025-09-08,Feed dos Shorts,6
2025-09-09,Feed dos Shorts,0
2025-09-10,Feed dos Shorts,1
2025-09-11,Feed dos Shorts,1
2025-09-12,Feed dos Shorts,2
2025-09-13,Feed dos Shorts,1
2025-09-14,Feed dos Shorts,0
2025-09-15,Feed dos Shorts,0
2025-09-16,Feed dos Shorts,0
2025-09-17,Feed dos Shorts,1
2025-09-18,Feed dos Shorts,3
2025-09-19,Feed dos Shorts,0
2025-09-20,Feed dos Shorts,1
2025-09-21,Feed dos Shorts,4
2025-09-22,Feed dos Shorts,0
2025-09-23,Feed dos Shorts,1
2025-09-24,Feed dos Shorts,0
2025-09-25,Feed dos Shorts,1
2025-09-26,Feed dos Shorts,0
2025-09-27,Feed dos Shorts,2
2025-09-28,Feed dos Shorts,0
2025-09-29,Feed dos Shorts,0
2025-09-30,Feed dos Shorts,7
2025-10-01,Feed dos Shorts,1
2025-10-02,Feed dos Shorts,0
2025-10-03,Feed dos Shorts,0
2025-10-04,Feed dos Shorts,0
2025-10-05,Feed dos Shorts,1
2025-10-06,Feed dos Shorts,1
2025-10-07,Feed dos Shorts,1
2025-10-08,Feed dos Shorts,2
2025-10-09,Feed dos Shorts,3
2025-10-10,Feed dos Shorts,1
2025-10-11,Feed dos Shorts,3
2025-10-12,Feed dos Shorts,0
2025-10-13,Feed dos Shorts,1
2025-10-14,Feed dos Shorts,2
2025-10-15,Feed dos Shorts,1
2025-10-16,Feed dos Shorts,3
2025-10-17,Feed dos Shorts,1
2025-10-18,Feed dos Shorts,1
2025-10-19,Feed dos Shorts,2
2025-10-20,Feed dos Shorts,2
2025-10-21,Feed dos Shorts,1
2025-10-22,Feed dos Shorts,0
2025-10-23,Feed dos Shorts,0
2025-10-24,Feed dos Shorts,2
2025-10-25,Feed dos Shorts,0
2025-10-26,Feed dos Shorts,0
2025-10-27,Feed dos Shorts,1
2025-10-28,Feed dos Shorts,0
2025-10-29,Feed dos Shorts,0
2025-10-30,Feed dos Shorts,4
2025-10-31,Feed dos Shorts,3
2025-11-01,Feed dos Shorts,1
2025-11-02,Feed dos Shorts,0
2025-11-03,Feed dos Shorts,1
2025-11-04,Feed dos Shorts,3
2025-11-05,Feed dos Shorts,1
2025-11-06,Feed dos Shorts,0
2025-11-07,Feed dos Shorts,1
2025-11-08,Feed dos Shorts,4
2025-11-09,Feed dos Shorts,5
2025-11-10,Feed dos Shorts,0
2025-11-11,Feed dos Shorts,0
2025-11-12,Feed dos Shorts,2
2025-11-13,Feed dos Shorts,0
2025-11-14,Feed dos Shorts,0
2025-11-15,Feed dos Shorts,1
2025-11-16,Feed dos Shorts,0
2025-11-17,Feed dos Shorts,0
2025-11-18,Feed dos Shorts,2
2025-11-19,Feed dos Shorts,5
2025-11-20,Feed dos Shorts,2
2025-11-21,Feed dos Shorts,0
2025-11-22,Feed dos Shorts,0
2025-11-23,Feed dos Shorts,0
2025-11-24,Feed dos Shorts,0
2025-11-25,Feed dos Shorts,2
2025-11-26,Feed dos Shorts,1
2025-11-27,Feed dos Shorts,0
2025-11-28,Feed dos Shorts,0
2025-11-29,Feed dos Shorts,0
2025-11-30,Feed dos Shorts,1
2025-12-01,Feed dos Shorts,0
2025-12-02,Feed dos Shorts,0
2025-12-03,Feed dos Shorts,0
2025-12-04,Feed dos Shorts,1
2025-12-05,Feed dos Shorts,0
2025-12-06,Feed dos Shorts,2
2025-12-07,Feed dos Shorts,0
2025-12-08,Feed dos Shorts,0
2025-12-09,Feed dos Shorts,6
2025-12-10,Feed dos Shorts,1
2025-12-11,Feed dos Shorts,3
2025-12-12,Feed dos Shorts,2
2025-12-13,Feed dos Shorts,0
2025-12-14,Feed dos Shorts,2
2025-12-15,Feed dos Shorts,0
2025-12-16,Feed dos Shorts,0
2025-12-17,Feed dos Shorts,1
2025-12-18,Feed dos Shorts,0
2025-12-19,Feed dos Shorts,0
2025-12-20,Feed dos Shorts,0
2025-12-21,Feed dos Shorts,1
2025-12-22,Feed dos Shorts,0
2025-12-23,Feed dos Shorts,1
2025-12-24,Feed dos Shorts,0
2025-12-25,Feed dos Shorts,0
2025-12-26,Feed dos Shorts,3
2025-12-27,Feed dos Shorts,5
2025-12-28,Feed dos Shorts,0
2025-12-29,Feed dos Shorts,0
2025-12-30,Feed dos Shorts,0
2025-12-31,Feed dos Shorts,1
2026-01-01,Feed dos Shorts,0
2026-01-02,Feed dos Shorts,4
2026-01-03,Feed dos Shorts,6
2026-01-04,Feed dos Shorts,5
2026-01-05,Feed dos Shorts,2
2026-01-06,Feed dos Shorts,12
2026-01-07,Feed dos Shorts,1
2026-01-08,Feed dos Shorts,0
2026-01-09,Feed dos Shorts,2
2026-01-10,Feed dos Shorts,4
2026-01-11,Feed dos Shorts,0
2026-01-12,Feed dos Shorts,0
2026-01-13,Feed dos Shorts,0
2026-01-14,Feed dos Shorts,0
2026-01-15,Feed dos Shorts,0
2026-01-16,Feed dos Shorts,2
2026-01-17,Feed dos Shorts,1
2026-01-18,Feed dos Shorts,6
2026-01-19,Feed dos Shorts,2
2026-01-20,Feed dos Shorts,1
2026-01-21,Feed dos Shorts,7
2026-01-22,Feed dos Shorts,2
2026-01-23,Feed dos Shorts,2
2026-01-24,Feed dos Shorts,1
2026-01-25,Feed dos Shorts,2
2026-01-26,Feed dos Shorts,0
2026-01-27,Feed dos Shorts,2
2026-01-28,Feed dos Shorts,2
2026-01-29,Feed dos Shorts,3
2026-01-30,Feed dos Shorts,11
2026-01-31,Feed dos Shorts,8
2026-02-01,Feed dos Shorts,1
2026-02-02,Feed dos Shorts,2
2026-02-03,Feed dos Shorts,2
2026-02-04,Feed dos Shorts,0
2026-02-05,Feed dos Shorts,5
2026-02-06,Feed dos Shorts,1
2026-02-07,Feed dos Shorts,1
2026-02-08,Feed dos Shorts,4
2026-02-09,Feed dos Shorts,0
2026-02-10,Feed dos Shorts,0
2026-02-11,Feed dos Shorts,0
2026-02-12,Feed dos Shorts,1
2026-02-13,Feed dos Shorts,0
2026-02-14,Feed dos Shorts,0
2026-02-15,Feed dos Shorts,0
2026-02-16,Feed dos Shorts,2
2026-02-17,Feed dos Shorts,1
2026-02-18,Feed dos Shorts,1
2026-02-19,Feed dos Shorts,1
2026-02-20,Feed dos Shorts,1
2026-02-21,Feed dos Shorts,1
2026-02-22,Feed dos Shorts,2
2026-02-23,Feed dos Shorts,3
2026-02-24,Feed dos Shorts,4
2026-02-25,Feed dos Shorts,7
2026-02-26,Feed dos Shorts,4
2026-02-27,Feed dos Shorts,1
2026-02-28,Feed dos Shorts,4
2026-03-01,Feed dos Shorts,2
2026-03-02,Feed dos Shorts,0
2026-03-03,Feed dos Shorts,2
2026-03-04,Feed dos Shorts,8
2026-03-05,Feed dos Shorts,1
2026-03-06,Feed dos Shorts,3
2026-03-07,Feed dos Shorts,1
2026-03-08,Feed dos Shorts,0
2026-03-09,Feed dos Shorts,2
2026-03-10,Feed dos Shorts,3
2026-03-11,Feed dos Shorts,3
2026-03-12,Feed dos Shorts,3
2026-03-13,Feed dos Shorts,2
2026-03-14,Feed dos Shorts,1
2026-03-15,Feed dos Shorts,0
2026-03-16,Feed dos Shorts,1
2026-03-17,Feed dos Shorts,3
2026-03-18,Feed dos Shorts,3
2026-03-19,Feed dos Shorts,5
2026-03-20,Feed dos Shorts,2
2026-03-21,Feed dos Shorts,2
2026-03-22,Feed dos Shorts,3
2026-03-23,Feed dos Shorts,4
2026-03-24,Feed dos Shorts,3
2026-03-25,Feed dos Shorts,3
2026-03-26,Feed dos Shorts,4
2026-03-27,Feed dos Shorts,5
2026-03-28,Feed dos Shorts,1
2026-03-29,Feed dos Shorts,3
2026-03-30,Feed dos Shorts,0
2026-03-31,Feed dos Shorts,1
2026-04-01,Feed dos Shorts,5
2026-04-02,Feed dos Shorts,1
2026-04-03,Feed dos Shorts,4
2026-04-04,Feed dos Shorts,2
2026-04-05,Feed dos Shorts,3
2026-04-06,Feed dos Shorts,1
2026-04-07,Feed dos Shorts,1
2026-04-08,Feed dos Shorts,0
2026-04-09,Feed dos Shorts,2
2026-04-10,Feed dos Shorts,1
2026-04-11,Feed dos Shorts,1
2026-04-12,Feed dos Shorts,0
