Cidades,Nome da cidade,Visualizações,Tempo de exibição (horas),Duração média da visualização
Total,,2416101,6064.6909,0:00:17
0x9105c5f619ee3ec7:0x14206cb9cc452e4a,"Lima, Peru",57553,148.8508,0:00:18
0x8e3f9bfd2da6cb29:0x239d635520a33914,"Bogotá, Colômbia",45789,110.48,0:00:16
0x85ce0026db097507:0x54061076265ee841,"Cidade do México, Distrito Federal, México",44151,105.9908,0:00:16
0x9662c5410425af2f:0x8475d53c400f0931,"Santiago, Chile",41057,101.1489,0:00:16
0xd422997800a3c81:0xc436dec1618c2269,"Madrid, Madri, Espanha",38427,88.6007,0:00:15
0x945da8076e69dbf5:0xaceb7a46bf1936c9,"Assunção, Paraguai",33486,62.128,0:00:14
0x902d13cbe855805f:0x8015a492f4fca473,"Guaiaquil, Equador",23130,60.5969,0:00:17
0x95bcca3b4ef90cbd:0xa0b3812e88e88e87,"Buenos Aires, Cidade Autônoma de Buenos Aires, Argentina",22813,53.906,0:00:16
0x88cd774cbdf600e1:0x4e294d7e1a770d60,"Havana, Cuba",18464,50.1765,0:00:16
0x8eaf89f1107ea5ab:0xd6c587b82715c164,"Santo Domingo, República Dominicana",17315,44.2519,0:00:16
0x12a49816718e30e5:0x44b0fb3d4f47660a,"Barcelona, Espanha",17199,40.4001,0:00:15
0x8589a180655c3345:0x4a72c7815b867b25,"Cidade da Guatemala, Guatemala",15480,37.8013,0:00:16
0x959f80ffc63bf7d3:0x6b321b2e355bec99,"Montevidéu, Uruguai",15303,36.905,0:00:16
0x8c2a58adcd824807:0x93dd2eae0a998483,"Caracas, Distrito Capital, Venezuela",14418,38.132,0:00:17
0x91d59a4002427c9f:0x44b991e158ef5572,"Quito, Equador",14262,36.1491,0:00:17
0x8f71560dd907880b:0x6c5ef4a2144f4c6a,"Manágua, Nicarágua",13521,34.166,0:00:16
0x8f6fa2babf743d51:0x68cf2238206ac9d3,"Tegucigalpa, Francisco Morazán, Honduras",12656,35.0851,0:00:18
0x94f68499feb6b1d1:0xce33cb9eeb700b1e,"Cidade do Leste, Paraguai",12644,26.6305,0:00:15
0x8faca8f1dbe80363:0xaba25df1f042c10e,"Cidade do Panamá, Panamá",11638,29.3561,0:00:17
0xd604f4cf0efb06f:0xb4a351011f7f1d39,"Valência, Espanha",11581,26.2673,0:00:15
0x8f633067b411775d:0x1f75978893fb5c96,"São Salvador, El Salvador",11569,28.5084,0:00:16
0x8eaf86f1f07bf257:0x79a94f00155fb584,"Santo Domingo Este, República Dominicana",9735,25.6163,0:00:17
0x8fa0e342c50d15c5:0xe6746a6a9f11b882,"San José, Costa Rica",9709,23.7934,0:00:16
0x93f1e81ca7c01a63:0x5c8b0a53a467611b,"Santa Cruz de La Sierra, Bolívia",8944,24.3325,0:00:19
0x8c03686fe268196f:0xad6b7f0f5c935adc,"San Juan, Porto Rico",8914,25.257,0:00:19
0xd126c1114be6291:0x34f018621cfe5648,"Sevilha, Espanha",8814,21.7159,0:00:16
0x80d9390226587bd3:0x14724bafa4e62456,"Tijuana, Baixa Califórnia, México",8403,19.9202,0:00:16
0x9432985f478f5b69:0xb0a24f9a5366b092,"Córdoba, Córdova, Argentina",7890,19.0379,0:00:16
0x8428b18cb52fd39b:0xd63d9302bf865750,"Guadalajara, Jalisco, México",7837,18.1124,0:00:16
0x85cfc0bd5ebc7a3b:0x48a6461de494ad95,"Puebla, México",7775,18.4746,0:00:16
0x8f66430b113d5af1:0x323ecf76c17e8f6b,"San Pedro, Cortés, Honduras",7600,19.2667,0:00:16
0x8e89998e7a5bd625:0xce0904e0ea8de74b,"Maracaibo, Zulia, Venezuela",7199,18.2271,0:00:16
0x945dae8100efafab:0x5ac02336ec1498c4,"San Lorenzo, Paraguai",7041,14.761,0:00:15
0xd4e4e27664b89b9:0x6534acc41e95a645,"Bilbao, Biscaia, Espanha",6760,15.6707,0:00:15
0x8eb1c5c838e5899f:0x75d4b059b8768429,"Santiago de los Caballeros, República Dominicana",6748,17.9946,0:00:18
0x945dad6fda53e6c3:0xd38ca80a0d2896ac,"Capiatá, Paraguai",6684,17.0069,0:00:18
0xd2f621461b2c193:0x7b441dad174bd49f,"Vigo, Pontevedra, Espanha",6637,15.9759,0:00:16
0x945da544f2196057:0x867a1a071b8fe4c2,"Luque, Paraguai",6544,13.5474,0:00:15
0x91ad3d7fe3fae92d:0xd3bc7d125d4e8508,"Trujillo, Peru",6428,16.3612,0:00:17
0x86629531b437f8f5:0xa3d3d3ca6ac89894,"Monterrey, Nuevo León, México",6315,14.8743,0:00:16
0x842bbeffd6e6e721:0x606d95ec61a54327,"León, Guanajuato, México",5975,13.7053,0:00:16
0xd7259c44fdb212d:0x6025dc92c9ca32cf,"Málaga, Espanha",5762,13.2694,0:00:15
0x89c24fa5d33f083b:0xc80b8f06e177fe62,"Nova Iorque, NY, EUA",5662,14.0046,0:00:17
0x8428ae61a9704c13:0xafd8a5d47ed002ac,"Zapopan, Jalisco, México",5603,12.8786,0:00:15
0x8e80678bce61928f:0x9f78e9eea8c34272,"Valência, Carabobo, Venezuela",5580,14.1929,0:00:16
0x86e75ecb3d0b329d:0xb196100549c7974,"Ciudad Juarez, Chihuahua, México",5380,15.2229,0:00:19
0xc40950e91c097d1:0xab36b5ac5338ba65,"Las Palmas, Espanha",5294,12.1698,0:00:15
0x85d35b8fdc5b9255:0x97b094aa561b832f,"Querétaro, México",5291,12.7516,0:00:16
0x85d1f21c72f777a1:0x4cd4540a42b26680,"Agricultura -A, Ecatepec de Morelos, Méx., México",5044,14.3093,0:00:19
0x95b6539335d7d75b:0xec4086e90258a557,"Rosário, Santa Fé, Argentina",4527,10.3323,0:00:15
0x8f56715cab450d17:0x5dfc155715abeb09,"Mérida, Yucatán, México",4270,10.4419,0:00:17
0xd5914dd5e618e91:0x49df13f1158489a8,"Zaragoza, Saragoça, Espanha",4264,10.3868,0:00:16
0x88d9b0a20ec8c111:0xff96f271ddad4f65,"Miami, Flórida, EUA",4185,10.4741,0:00:17
0x8640b8b4488d8501:0xca0d02def365053b,"Houston, TX, EUA",4095,9.9613,0:00:16
0x80c2c75ddc27da13:0xe22fdf6f254608f4,"Los Angeles, CA, EUA",4092,9.8267,0:00:17
0x94223792d6c56903:0xf88d5b92b5c56527,"San Miguel de Tucumán, Tucumán, Argentina",3868,9.715,0:00:17
0x86ea449d5d484033:0xb7f1a7a706dd1d7b,"Chihuahua, México",3657,8.6226,0:00:16
0x904a107c793c39b7:0x1de8948d1c01fe28,"Piura, Peru",3418,9.0849,0:00:18
0x8589a7642e1c2a1f:0x32640d1346ee2aa0,"Villa Nueva, Guatemala",3362,8.6499,0:00:17
0x80d7700ca877ddd3:0xd40033a0e5cdf59a,"Mexicali, Baixa Califórnia, México",3314,7.9904,0:00:16
0x8429ec143ae4d9fb:0x4016978679c5220,"Aguascalientes, México",3256,7.5261,0:00:15
0x8f4c2b05aef653db:0xce32b73c625fcd8a,"Cancún, Quintana Roo, México",3207,7.751,0:00:17
0x8f633be79926ef01:0xa400eac0e14af99b,"Apopa, El Salvador",3205,8.0964,0:00:16
0x8e87671d783e8671:0x972fe1e11519c3db,"Barquisimeto , Lara, Venezuela",3204,8.414,0:00:17
0x86bcd6c77747f98f:0x8dd9ebf0eb2d23cc,"Culiacán, Sinaloa, México",3188,7.5052,0:00:16
0x9669b5cdd2bbc63b:0x44cb37b752212698,"Concepción, Bío-Bío, Chile",3103,7.3644,0:00:16
0x8fac99d32c9d1cd1:0xb475a52535c71ad0,"La Chorrera, Panamá Oeste Province, Panamá",3102,7.8326,0:00:17
0x842d0ba2b29da7e3:0x4016978679c8620,"Morélia, Michoacán, México",3087,7.3547,0:00:16
0x8662ef2f31987e45:0x7f336803913db8d4,"Apodaca, Nuevo León, México",3071,8.1219,0:00:18
0x12979259c61ac757:0xc40d5406c3d058c6,"Palma, Baleares, Espanha",2981,6.866,0:00:15
0x941bc3a35151b7f9:0xa5cd992cd587f206,"Salta, Argentina",2974,8.3144,0:00:19
0x8dcbf02b84200b49:0x6e05317f7c974d14,"Ciudad Guayana, Bolívar, Venezuela",2891,7.5855,0:00:17
0xd47728c08c66e93:0xb3ff92d41ca26bef,"Valladolid, Espanha",2887,6.984,0:00:16
0x86ce84687adfaee5:0xb33d5395e9887ff9,"Hermosillo, Sonora, México",2841,6.9624,0:00:16
0x93e373e0d9e4ab27:0xa2719ae9532c3e65,"Cochabamba, Bolívia",2838,6.9925,0:00:16
0x85db321ca1f225d9:0x584837bc4340a47c,"Xalapa, Veracruz, México",2800,6.7256,0:00:16
0xd71fce62d32c27d:0x9258f79dd3600d72,"Granada, Espanha",2763,6.5497,0:00:16
0x85d1fca946577449:0x791d23070fe4cf48,"Nezahualcóyotl, Estado do México, México",2728,6.3185,0:00:16
0x8e803c989377fe87:0xb5ff524dadae5b74,"Maracay, Aragua, Venezuela",2617,7.0712,0:00:17
0x842aa20005acfb79:0xed2ee29afe18257,"São Luis Potosí, San Luis Potosí, México",2615,6.4371,0:00:16
0x9584d94d19d34209:0xdd9670804bfed126,"Mar del Plata, Buenos Aires, Argentina",2589,7.9878,0:00:21
0x85edd796d7420653:0xf5607b62558ae894,"Vilahermosa, Tabasco, México",2581,6.3711,0:00:17
0x85c3414245ca78c5:0x18a4d642e936019b,"Vera Cruz, Veracruz, México",2527,6.59,0:00:18
0x86880d9078df19ef:0xa9519241794730c0,"Saltillo, Coahuila, México",2510,5.9545,0:00:16
0x85ecd85611d06e8f:0xdd78bd7b4662216a,"Tuxtla Gutiérrez, Chiapas, México",2426,5.8665,0:00:16
0xd6235da3b9dab4b:0x1d7da872ac0b81e3,"Alicante, Espanha",2401,5.6264,0:00:16
0x915edf0a04f5a40f:0x57dbfc76b4458ab3,"La Paz, Bolívia",2388,6.0869,0:00:17
0x904cef232963dfff:0xa703e3454a7814bb,"Chiclayo, Peru",2354,6.2373,0:00:18
0x868fdba9bb45b3fb:0x8bcc7a9970aea01d,"Torreón, Coahuila, México",2345,5.5671,0:00:15
0x85d1e3705c3ad799:0xe9e0ede4cbef87f7,"Chimalhuacán, Estado do México, México",2336,5.4862,0:00:16
0x8c3340ccdd67a481:0x498e5fe3065f3956,"Maturín , Monagas, Venezuela",2291,6.0586,0:00:17
0x9457be7f080496c3:0xccbff374623e7b9a,"Posadas, Misiones, Argentina",2127,5.2661,0:00:16
0x94450c62a6f5f70b:0xf03ac86511c2cd6d,"Resistência, Chaco, Argentina",2089,5.0843,0:00:16
0x866509e70b1ab591:0x4568c85f5cba4884,"Reynosa, Tamaulipas, México",2057,4.9568,0:00:16
0x8fa0df1021af2921:0xb5e5548558a39c52,"Cartago, Costa Rica",2009,4.8657,0:00:16
0x95b5a9adc40888e1:0xdcf7761e8d02804a,"Santa Fé, Argentina",2004,4.918,0:00:16
0x85ca5785aece50c9:0x9801d8f78a90a4e3,"Acapulco, Guerrero, México",1990,4.6648,0:00:16
0x880e2c3cd0f4cbed:0xafe0a6ad09c0c000,"Chicago, Illinois, EUA",1982,4.677,0:00:16
0x8c2d723eff71306f:0x22feb43cef889e75,"Barcelona, Anzoátegui, Venezuela",1981,5.0522,0:00:16
0x91d546535730a17d:0xcef17541041b9f63,"Santo Domingo, Equador",1943,6.2285,0:00:22
0x91cd18095fc7e881:0xafd08fd090de6ff7,"Cuenca, Equador",1939,5.3165,0:00:18
0x85d2014958cf2eef:0xc036183cc62ceb9f,"Naucalpan, Estado do México, México",1916,4.417,0:00:15
0x85d1a7716f1e038b:0x13315c101496b749,"Pachuca de Soto, Hidalgo, México",1909,4.4009,0:00:16
0x85d21dd4afab4267:0xce8d74d9edb4d88,"Cuautitlán Izcalli, Estado do México, México",1908,4.4088,0:00:15
0x94456b79d5bed36b:0xfa999f1ef3b40646,"Corrientes, Argentina",1874,4.8171,0:00:17
0xd2e7cfcf174574d:0x6a47350d095cdfee,"Corunha, Espanha",1870,4.2504,0:00:15
0x869bb7a518bcdf73:0xbfdd8ea63a6c4ad4,"Victoria de Durango, Durango, México",1857,4.2691,0:00:15
0xd50928ba31965c7:0x4e6e903632cb2e90,"Pamplona, Navarre, Espanha",1850,4.2047,0:00:15
0x842cba641e60c675:0x998fd3ad9a7d2747,"Celaya, Guanajuato, México",1831,4.2073,0:00:16
0x960a33ba35eb8e35:0x6220acb810e3e2f5,"Neuquén, Argentina",1822,4.3882,0:00:15
0x8663305672c436b1:0x57c1c28b4e35f5ae,"Guadaloupe, Nuevo León, México",1801,4.2857,0:00:16
0x9457955e5597cfeb:0x6ff7d247ff05c071,"Encarnación, Paraguai",1769,4.3701,0:00:17
0x902be6a9e440988b:0x9403b825a96f98ba,"Manta, Equador",1743,4.6314,0:00:18
0x945dbcb33107a147:0x978d429ede9da94b,"Limpio, Paraguai",1711,3.7119,0:00:15
0x8e666ca49582d39f:0xe35525b271c7ef85,"San Cristóbal, Táchira, Venezuela",1693,4.5137,0:00:17
0x85cdde499b22afad:0xc9b6bcb5b9b790a1,"Cuernavaca, Morelos, México",1680,3.9556,0:00:16
0x4786c1493f1275e7:0x3cffcd13c6740e8d,"Milão, Itália",1675,3.9394,0:00:16
0x902bf2b3349167a5:0xb5eb80e513eb7eee,"Portoviejo, Equador",1645,4.2155,0:00:17
0x8428b387a6414a03:0x5e0b8b1c70beaa10,"Tlaquepaque, Jalisco, México",1634,3.9141,0:00:17
0x96a58a1999656469:0x9fbe15f44d1e6f96,"Antofagasta, Chile",1607,3.9507,0:00:17
0x95751a97c925fab1:0x4c3ae595519715fd,"Maldonado, Uruguai",1599,3.8522,0:00:16
0x8662c300853b685b:0xa658fee93abdc7c6,"Juárez, Nuevo León, México",1594,3.8058,0:00:16
0xd4fc2377d3d8f5b:0x9c6eb78c91ab49c9,"Vitória, Álava, Espanha",1592,3.711,0:00:15
0x864c19f77b45974b:0xb9ec9ba4f647678f,"Dallas, TX, EUA",1586,3.7864,0:00:16
0x94ce448183a461d1:0x9ba94b08ff335bae,"São Paulo, SP, Brasil",1574,4.2806,0:00:20
0x85d1f8766c8d1063:0x991824bf7645cdf6,"Tlalnepantla, Estado do México, México",1526,3.7363,0:00:16
0x902d6bed823be947:0x31f6b24e1e6b655a,"Durán, Equador",1526,3.8536,0:00:17
0x85cd89892a50ebb9:0xad3f4ad5550208c4,"Toluca, Estado do México, México",1516,3.6127,0:00:16
0x95bc981b3f6c41cf:0x39d81df507812ac2,"José C. Paz, Buenos Aires, Argentina",1512,3.5654,0:00:16
0x866293a4461cd797:0x4c9f8c42f3f48502,"General Escobedo, Nuevo León, México",1496,3.8212,0:00:17
0x842c7e1f7b7e24f5:0xc7fd081ecde9689b,"Irapuato, Guanajuato, México",1468,3.4879,0:00:16
0x85c72249df26d9b1:0xac88a77657dffc3b,"Oaxaca, México",1465,4.4801,0:00:21
0x85d1ed894b6e9061:0x2083feb30e41f987,"Ojo de Agua, State of Mexico, México",1460,3.3412,0:00:15
0x8644b599a0cc032f:0x5d9b464bd469d57a,"Austin, TX, EUA",1451,3.4154,0:00:16
0x869f5341681837c1:0x62a4c4aaf13c72b2,"Mazatlán, Sinaloa, México",1449,3.733,0:00:17
0x9689de84ead41255:0x8e5fde76df3d413f,"Viña del Mar, Valparaíso, Chile",1427,3.8263,0:00:18
0x8f632877c4828617:0x35e71349d918b00e,"Lourdes, El Salvador",1422,3.6314,0:00:17
0x8f664f403dfe9bb9:0x3d77d9873ff9669,"Choloma, Cortés, Honduras",1421,3.5294,0:00:16
0xc41cceccc254171:0x43111473d277e52e,"Santa Cruz de Tenerife, Espanha",1416,3.2756,0:00:15
0x9110e2c3cec74f3d:0x5ce1a2b590e67ecd,"Ica, Peru",1393,4.3218,0:00:22
0x8e7b583bb9f6f665:0x6b4ce066ae95450c,"Barinas , Barinas, Venezuela",1364,3.6809,0:00:17
0x8fa59d9ff655a4c9:0xed61fb3a96949112,"David, Chiriquí, Panamá",1361,3.4532,0:00:17
0x91424a487785b9b3:0xa3c4a612b9942036,"Arequipa, Peru",1358,3.5689,0:00:18
0xd51affe3b68fe15:0xe43ec55994864649,"San Sebastián, Guipúscoa, Espanha",1345,3.0791,0:00:15
0x8f6337182189204d:0xbf7ef4556bd0bb44,"Soyapango, El Salvador",1341,3.3172,0:00:16
0x8f632e49cb801acd:0xc1fae6f510e3d626,"Santa Tecla, El Salvador",1332,3.2801,0:00:16
0x9614d3cec21a2223:0xc2fa8887ff008408,"Temuco, Araucanía, Chile",1325,3.1872,0:00:16
0x858e97fe3fc89d3f:0x3ba7ff011f0f000f,"Quetzaltenango, Guatemala",1320,3.2521,0:00:16
0x80d88ef01f54b9f5:0xf360981bb676a651,"Ensenada, Baixa Califórnia, México",1317,3.2186,0:00:17
0x95b44df2b9835231:0x554ebde0aa5cfa9a,"Paraná, Entre Ríos, Argentina",1314,3.6896,0:00:18
0xd6cdf26f95e0aef:0x4df1d2e8108456c3,"Córdoba, Espanha",1288,2.9732,0:00:14
0x8f6668b6383a0a41:0xcffb9774541fecc2,"Villanueva, Cortés, Honduras",1282,3.4257,0:00:17
0x943b526adf33f96b:0x9a9d18ed7764c8d6,"Santiago del Estero, Argentina",1263,3.2021,0:00:17
0x872b12ed50a179cb:0x8c69c7f8354a1bac,"Phoenix, AZ, EUA",1258,3.0799,0:00:16
0x945c4b4b44e51c97:0x393bc12296583e93,"Itauguá, Paraguai",1238,2.587,0:00:14
0x8428b4f8fd6eb05b:0x9d0979f62de80aaa,"Tonalá, Jalisco, México",1231,2.7445,0:00:15
0x90330e252f104ed1:0xea4e189f2b2da97e,"Machala, Equador",1209,3.1792,0:00:17
0x8f6f9868cead1019:0x9c1f1c7e6b5a1f58,"Comayaguela, Francisco Morazán, Honduras",1194,2.9914,0:00:16
0x8f4e4323d22d4e61:0xe8c10b783bab4adc,"Playa del Carmen, Quintana Roo, México",1175,2.8658,0:00:16
0xd424bd8c669e60b:0x555eb1454b21723,"Alcalá de Henares, Madri, Espanha",1165,2.8345,0:00:16
0xd367c66cbf494bf:0xbd06d207048d3536,"Gijón, Asturias, Espanha",1165,2.7322,0:00:15
0x916dd5d826598431:0x2aa996cc2318315d,"Cusco, Peru",1160,2.88,0:00:16
0x12a492e820fabbfd:0xab0d33c5f2c73098,"Terrassa, Barcelona, Espanha",1156,2.7385,0:00:15
0x941b0f4e8bd7a62f:0x315150e057f6e499,"San Salvador de Jujuy, Jujuy, Argentina",1155,2.9195,0:00:17
0x88e773d8fecdbc77:0xac3b2063ca5bf9e,"Orlando, Flórida, EUA",1147,2.907,0:00:17
0x95edbcabdc1302bd:0x76d1d88d241e7a11,"Bahía Blanca, Buenos Aires, Argentina",1144,2.6444,0:00:15
0x8f661581ca8897cf:0x7da3cd96d6f2d52,"El Progreso, Yoro, Honduras",1134,2.8718,0:00:16
0x80859a6d00690021:0x4a501367f076adff,"São Francisco, CA, EUA",1133,2.706,0:00:16
0x915edebe842e2473:0x3a1f8a2f17f89d8f,"El Alto, Bolívia",1121,2.7299,0:00:16
0x842735d8893dcfdb:0x83784645f40c2d79,"Tepic, Nayarit, México",1106,2.6623,0:00:16
0x95bc95434093dd6b:0x58d832f755e4a278,"Merlo, Buenos Aires, Argentina",1103,2.6861,0:00:17
0x945da832add594b7:0xe298272f87398d34,"Lambaré, Paraguai",1101,2.5945,0:00:16
0xd665fe2fb218d15:0x8269cd31d6186180,"Albacete, Espanha",1083,2.535,0:00:15
0x12a498e7672e0317:0x36127a984f4c05d5,"L'Hospitalet de Llobregat, Barcelona, Espanha",1079,2.6252,0:00:16
0x95bccd2194f3cfb7:0x8c054a901d575260,"B Lanús, Buenos Aires Province, Argentina",1073,2.5182,0:00:16
0x86ba2f42b635eac3:0xb624c34752328808,"Los Mochis, Sinaloa, México",1065,2.509,0:00:15
0x902b4e07de33a1ff:0x3ad078d90c4540a1,"Quevedo, Equador",1065,2.8327,0:00:17
0x945ca5e488cf4f05:0xbcaebe65a1bae72,"Formosa, Argentina",1053,2.5575,0:00:16
0x95bcbd7f8ed7ed6f:0xa141f13ddb761d51,"B San Miguel, Buenos Aires, Argentina",1042,2.5668,0:00:16
0x8661187f41c4c78f:0x735d444f3ed3e91c,"Novo Laredo, Tamaulipas, México",1040,2.4774,0:00:16
0x80c8c45e5468d0ed:0xf98463eab8414b62,"Las Vegas Valley, NV, EUA",1036,2.5113,0:00:16
0xd3f265dc7dd7c45:0x2f7ae4d00bbfa9aa,"Salamanca, Espanha",1035,2.397,0:00:15
0x95bcc380646c3baf:0x255baf79083e330f,"González Catán, Buenos Aires, Argentina",1033,2.5034,0:00:16
0x8c2babb600ab2099:0x2697c04f8129b6e,"Guatire, Miranda, Venezuela",1031,2.7095,0:00:17
0x95bc945bc2149eff:0x72f476f24b92b3fa,"Moreno, Buenos Aires, Argentina",1009,2.4959,0:00:16
0xd45fcbe3dc20327:0xa1f5beab8e71aa1,"Burgos, Espanha",1008,2.609,0:00:17
0x96183a4d6920f407:0x86a3f15a79a5c9df,"Puerto Montt, Los Lagos, Chile",1002,2.5243,0:00:17
0x12a494fd00277675:0x3691e3615821df42,"Sabadell, Barcelona, Espanha",991,2.4648,0:00:16
0xd368c9a60ac1c67:0x3134440ecc5e6224,"Oviedo, Asturias, Espanha",990,2.3576,0:00:16
0x85e98150aee1b3cb:0xe3376159a9cda5a4,"Coatzacoalcos, Veracruz, México",989,2.4815,0:00:16
0x8e85d4c9ac76bbeb:0xa5e24cbe678ef3cf,"Coro , Falcón, Venezuela",989,2.4292,0:00:16
0x8e89c76a94216b2b:0x248a8285349a4935,"Cabimas, Zulia, Venezuela",989,2.6351,0:00:17
0x8dce862a669e5b7b:0xd96f2f60189fcd57,"Ciudad Bolívar , Bolívar, Venezuela",982,2.5258,0:00:16
0x85ce1e468ef907ab:0xb2adee1166eb1bde,"Ixtapaluca, Estado do México, México",982,2.5767,0:00:18
0x8f69007758cbbcd9:0xc8141bec642348c0,"La Ceiba, Atlântida, Honduras",976,2.5311,0:00:16
0x85c48d0a7f1257b3:0xbb08406c12837e32,"Córdoba, Veracruz, México",976,2.3197,0:00:16
0x94f68e49ae2b8fff:0xafa75cac9d1ed1a6,"Pres. Franco, Paraguai",970,2.1712,0:00:15
0x8dcd817e1043b5b7:0x5c5f23ae4dc752d9,"El Tigre , Anzoátegui, Venezuela",951,2.377,0:00:16
0x945da982a28b4bff:0x9d23a1319272ef26,"Ñemby, Paraguai",949,2.1297,0:00:15
0x95d43954196ca6cd:0x7fc2e3b4d49ecc83,"San Luis, Argentina",948,2.4193,0:00:16
0x866f94c793d10087:0x732178703913ca5e,"Heroica Matamoros, Tamaulipas, México",938,2.2441,0:00:17
0x85d21c8702d3fbff:0xc55a6bfc82e7c8e0,"Ciudad López Mateos, State of Mexico, México",933,2.4113,0:00:18
0xd2efe44e2dd71a7:0xe0146888c087e311,"Santiago de Compostela, Corunha, Espanha",922,2.1216,0:00:15
0x945da92d05984419:0xc90b7f9427d52fbb,"Fernando de la Mora, Paraguai",912,2.1452,0:00:16
0x91d381a37fef551f:0x7a2dbc24d832161b,"Ambato, Equador",909,2.2115,0:00:16
0x85d7fd8bfcfe2d1f:0xc3189ac39db089e6,"Tampico, Tamaulipas, México",908,2.3366,0:00:17
0x95bcc5b04ca883fd:0x2442b24985879e7d,"Gregorio de Laferrere, Buenos Aires, Argentina",908,2.3082,0:00:17
0xd418dd5cd83c237:0x1c298bd038d71292,"Móstoles, Madri, Espanha",904,2.1046,0:00:15
0x9105d86e4d52c0dd:0x5693f4015603d26a,"Carabayllo, Peru",904,5.1785,0:00:40
0xd6381f8d5928c7f:0xd627129b38c4ab9a,"Múrcia, Murcia, Espanha",898,2.1648,0:00:16
0x94626ee9ba8f5937:0x3ef74413abc1ee6b,"Pedro Juan Caballero, Paraguai",893,2.0888,0:00:16
0x8e805c5adca7bc33:0x50229899f4ea4de9,"Naguanagua , Carabobo, Venezuela",891,2.2809,0:00:16
0x95bcce76604543e7:0x6d080d87c13cc6eb,"Ingeniero Budge, Buenos Aires Province, Argentina",888,2.249,0:00:17
0xd379a9a0d5e1bd9:0x7d849ffad4f1eef3,"León, Espanha",887,2.0333,0:00:15
0x8fa0f9c871fbddb3:0xb1f90fbc26bf36cb,"Alajuela, Costa Rica",879,2.1737,0:00:16
0xd6a0bad0bb5fdf1:0xc67f5be86a75adfe,"Toledo, Espanha",877,1.9683,0:00:15
0x85d219638c308a05:0xc1c76fdec34cd1d8,"Nicolás Romero, Estado do México, México",875,2.1207,0:00:16
0x85ce758ebb0974d9:0xdfd72bc2570653bf,"Jiutepec, Morelos, México",865,2.0172,0:00:16
0x967e08b3ec6db3a1:0x4ccea64229b9189a,"Las Heras, Mendoza, Argentina",865,2.1228,0:00:16
0xd7a9e00ecccf2c1:0x8d9da01f8ebc485e,"Almería, Espanha",857,2.0634,0:00:16
0x8c326e2877a49763:0x735aea704ea2e322,"Cumaná, Sucre, Venezuela",857,2.3218,0:00:17
0x86afd2def5da1057:0x4875d2e8c0f1a3b6,"La Paz, Baixa Califórnia Sur, México",850,1.9779,0:00:16
0x95bcb8698cab7fa3:0xc4d83fe138c75b6f,"Caseros, Buenos Aires, Argentina",839,1.9519,0:00:15
0x95a329628f552cad:0x813d55ba09834999,"B Florencio Varela, Buenos Aires, Argentina",834,2.0696,0:00:16
0x842145635063c87f:0x79cfbf9985bf5274,"Puerto Vallarta, Jalisco, México",833,1.9618,0:00:16
0x864e6e122dc807ad:0xa4af8bf8dd69acbd,"Fort Worth, TX, EUA",833,2.0825,0:00:17
0xd0dc6e84844a39f:0x6dac3ef5f3d0ffea,"Jerez, Cádis, Espanha",825,1.9179,0:00:15
0x865c58af04d00eaf:0x856e13b10a016bc,"San Antonio, TX, EUA",822,1.8223,0:00:15
0x91a3bcf3f2eb4461:0x49006298b594df43,"Pucallpa, Peru",811,2.1363,0:00:18
0x12a4bb1298efb741:0x987b0abc3e6ea84d,"Badalona, Barcelona, Espanha",809,1.9368,0:00:16
0x91cb480661b91d2d:0x8e12137cdc1eee09,"Loja, Equador",808,2.005,0:00:16
0x902d47b1ac773e79:0xca6e788c9cf5a035,"Milagro, Equador",808,2.0981,0:00:18
0x967e095dea6a01e7:0x90fb57ac5758c337,"Godoy Cruz, Mendoza, Argentina",800,1.974,0:00:16
0x86824928faa2c0df:0xdd13da8796eed44b,"Guadaloupe, Zacatecas, México",798,1.8592,0:00:16
0xd418ba70dc2a41b:0x70a2373aaadf3b9f,"Fuenlabrada, Madri, Espanha",786,1.8591,0:00:16
0x80d9530fad921e4b:0xd3a21fdfd15df79,"San Diego, CA, EUA",785,1.8429,0:00:16
0xd5aab4130b390b1:0xf98252918a168870,"Logroño, La Rioja, Espanha",782,1.9045,0:00:16
0x902d14657e95ec53:0x4a185c7c6e47279d,"Samborondón, Equador",779,2.0348,0:00:17
0x858c15daedfe88ed:0xa58868600c7d496,"Huehuetenango, Guatemala",779,1.9416,0:00:17
0x8ea55ef2a2764f53:0xe5e76058f4325896,"San Cristóbal, República Dominicana",777,2.0038,0:00:16
0x86c815e1cb75ffb9:0x311f38aacd3515ae,"Ciudad Obregón, Sonora, México",776,1.8195,0:00:16
0x88c2b782b3b9d1e1:0xa75f1389af96b463,"Tampa, Flórida, EUA",774,2.0755,0:00:18
0x88f5045d6993098d:0x66fede2f990b630b,"Atlanta, GA, EUA",764,1.8733,0:00:16
0x85ce1c35d3823fef:0x916c335f4deff60e,"Valle de Chalco, State of Mexico, México",759,1.7838,0:00:15
0x8c2a8cfc2983b6f3:0x8aa18fdf683af211,"Los Teques, Miranda, Venezuela",752,2.0173,0:00:17
0x8ea891645dcbfe77:0x61881cfaed12f6f3,"Punta Cana, República Dominicana",750,1.8894,0:00:16
0xd63b42c4ece57a3:0xd9a5de7c6be724dd,"Elche, Alicante, Espanha",749,1.768,0:00:16
0x967907fdb13d06a7:0xe0fb2796d473309d,"San Rafael, Mendoza, Argentina",738,2.4531,0:00:22
0x85da14cd806d0909:0x7bc6651769041d29,"Poza Rica, Veracruz, México",735,1.8644,0:00:16
0x915acf5e5e369a43:0x11f0aad4a80a8517,"Tacna, Peru",735,1.9931,0:00:18
0x8662930bca7a0d03:0x1af2660b410f21a7,"San Nicolás de los Garza, Nuevo León, México",732,1.9162,0:00:17
0x95a2e62b1f0085a1:0xbcfc44f0547312e3,"La Plata, Buenos Aires, Argentina",726,1.7505,0:00:16
0x8f7b2a70bc830dab:0x76ac9c406eec5592,"San Miguel, El Salvador",725,1.8354,0:00:16
0x86d14eb89463e89b:0xc72dcada39d349d5,"Nogales, Sonora, México",724,1.6054,0:00:15
0xd42209a1ebb8201:0x20c3fa90b7e442fc,"Getafe, Madri, Espanha",723,1.7182,0:00:15
0x8eb1ee3f0046fa75:0x10c1300286d97467,"San Felipe de Puerto Plata, República Dominicana",723,1.8435,0:00:16
0xd5ffe2bb82bc197:0xbf89204be1c64f49,"Castelló de la Plana, Castellón, Espanha",722,1.7436,0:00:15
0xc41cdeccdcfeaf5:0x54a9fe4642667870,"San Cristóbal de La Laguna, Santa Cruz de Tenerife, Espanha",719,2.1504,0:00:20
0x842de258c2fe4851:0x537e9be21f239f34,"Uruapan, Michoacán, México",714,1.6419,0:00:15
0x85f83396176b136d:0xe93d8e4c95f26244,"Campeche, México",713,1.7059,0:00:15
0x12a3fcdbd3ddf159:0x920569a71387a3b2,"Tarragona, Espanha",711,1.6696,0:00:16
0x868fd9ceb197d4af:0x42a13b1475d7b8cd,"Gómez Palacio, Durango, México",708,1.5865,0:00:15
0xd4949ae8a6bee71:0xd27cdc801682ba96,"Santander, Cantabria, Espanha",708,1.6478,0:00:15
0x89c6b7d8d4b54beb:0x89f514d88c3e58c1,"Filadélfia, PA, EUA",706,1.7235,0:00:17
0xd418a1c0fc4eac9:0xd08f90220cc34cb,"Leganés, Madri, Espanha",694,1.6935,0:00:16
0x910e964104fb82f1:0xf8e45b61c55982fa,"Huancayo, Peru",692,1.71,0:00:16
0x91b25afd3fc7d087:0xea80a2b94d876b2b,"Cajamarca, Peru",692,1.9456,0:00:18
0x8eb02b63a789839f:0xc6e5e3cbe8b2f96,"Concepción de la Vega, República Dominicana",683,1.6346,0:00:16
0x96634367bdef13d3:0xd973fc8366ad54f7,"Rancagua, O'Higgins, Chile",678,1.6826,0:00:17
0x8fab5614d054e9df:0xfa0c1008a264c0d2,"San Miguelito, Panamá",677,2.1534,0:00:21
0x9035fbc9c0351851:0xdcd0321c3322ccb2,"Sullana, Peru",671,1.7788,0:00:18
0x967e093ec45179bf:0x205a78f6d20efa3a,"Mendoza, Capital Department, Mendoza, Argentina",670,1.6241,0:00:16
0x858e0f395e71c1b1:0x5d28b9b800b8228b,"Tapachula, Chiapas, México",670,1.6399,0:00:17
0x9105e813f67f0a1d:0x513d3adfaf686a4b,"Lurigancho, Peru",655,1.8095,0:00:18
0x94f68301c987590b:0xa1cbcc61ad509b6e,"Hernandarias, Paraguai",652,1.7085,0:00:17
0x945c32f8a18019d1:0xc81a1185bc4fb6fd,"Caacupé, Paraguai",647,1.6884,0:00:17
0x8e85ed24b8524353:0x18abea72d12fd565,"Punto Fijo, Falcón, Venezuela",647,1.6214,0:00:15
0x95bcdce4478eda1d:0x1d21bfdac41521f7,"Virrey del Pino, Buenos Aires, Argentina",647,1.6181,0:00:17
0x8662986c0c90341f:0x7107197030ff63a5,"Santa Catarina, Nuevo León, México",645,1.6262,0:00:18
0x8c2d740d55b939f1:0x6a6baaf6f31a1448,"Puerto la Cruz, Anzoátegui, Venezuela",641,1.6829,0:00:16
0x8eaf8b4b4634ed81:0x437d5314b1133fa7,"La Guayiga, República Dominicana",639,1.6933,0:00:16
0x9427d9873396f7e5:0x3e1c9c348972c7ca,"Rioja, Argentina",638,1.5857,0:00:16
0x8f6337b450ea6d21:0xc75e4ff40317e2b4,"Ilopango, El Salvador",636,1.644,0:00:16
0x95ade8093e560701:0x5d1d34b223a6f091,"Concórdia, Entre Ríos, Argentina",631,1.5383,0:00:16
0x967e0c960c574809:0x57621966b9559a27,"Maipú, Mendoza, Argentina",628,1.5299,0:00:15
0x89c803aed6f483b7:0x44896a84223e758,"Baltimore, MD, EUA",627,1.5233,0:00:16
0x9665c6a2ac07d07d:0x265657feafdac8b8,"Talca, Maule, Chile",627,1.5234,0:00:16
0xbde4544de04824f5:0x5d9f7f8e3bb8ee4b,"Comodoro Rivadavia, Chubut, Argentina",625,1.4966,0:00:15
0x89e3652d0d3d311b:0x787cbf240162e8a0,"Boston, MA, EUA",619,1.5461,0:00:17
0xd4e50b7c93c609b:0x404f58273cb9e60,"Baracaldo, Biscaia, Espanha",619,1.4604,0:00:16
0x95bcd3e18e4d9a6f:0x407e26fe63f27667,"Monte Grande, Buenos Aires, Argentina",612,1.5793,0:00:16
0x945f3caf3673cdc7:0x25ba480d3b5f52c8,"Caaguazú, Paraguai",612,1.3874,0:00:16
0x8e802155c56a4ee5:0xb22e37eb965185f2,"Turmero, Aragua, Venezuela",611,1.6114,0:00:16
0x9691ca649389f3c9:0x8a1787b3d1d84ccb,"La Serena, Coquimbo, Chile",610,1.5798,0:00:18
0x95bcb9f880d30623:0xf63bd5e2b5393d70,"B Villa Ballester, Buenos Aires, Argentina",609,1.4292,0:00:16
0x8f6bd85762030ee1:0x572f342556988238,"Sabá, Colón, Honduras",609,1.6149,0:00:17
0x95bcc66953869dc9:0x46221d403a2cebfa,"Isidro Casanova, Buenos Aires, Argentina",605,1.4733,0:00:16
0x8f65858c03782075:0xccf55efc5483df81,"Comayagua, Honduras",604,1.5637,0:00:16
0x902cd7dbb21aef3b:0xa2799b7958dee76,"Babahoyo, Equador",603,1.5615,0:00:17
0x8eafdf12b12c67d1:0xe4775ab340ebea04,"Bonao, República Dominicana",601,1.4268,0:00:16
0x967e0d93a324fdb9:0xfa5e0dfafa967845,"Rodeo de la Cruz, Mendoza, Argentina",599,2.4342,0:00:29
0x88d9ba8b0e7ef5ef:0xfbb5a88631343c5e,"Hialeah, Flórida, EUA",598,1.4327,0:00:15
0x942428bf1d0f9fcd:0x7e1edd4b1609861a,"San Fernando del Valle de Catamarca, Catamarca, Argentina",591,1.4381,0:00:17
0x8eaf609388bba20d:0x5a0142fce45d04c4,"San Pedro de Macorís, República Dominicana",591,1.5308,0:00:17
0x868a2433bc5f6089:0xbd80c4a7d6062dc4,"Monclova, Coahuila, México",591,1.411,0:00:16
0x95a32dcffd6f483d:0x773aa43b7ef2e4ba,"Quilmes Oeste, Buenos Aires Province, Argentina",587,1.4313,0:00:16
0xd41f53999357c7f:0x373b04d561d407e1,"Parla, Madrid, Espanha",586,1.8185,0:00:21
0x842e88add88ece0d:0xa58897827e063f2b,"Zamora de Hidalgo, Michoacán, México",583,1.3466,0:00:15
0x911016a4008937df:0xa559f5e45df0911e,"Sunampe, Peru",579,1.5902,0:00:18
0x8eaf5468f250cc2b:0x174be55fc8eb99d9,"La Romana, República Dominicana",575,1.7074,0:00:19
0xd634222a43ab56d:0x47d790cefef6f9ff,"Cartagena, Murcia, Espanha",570,1.4296,0:00:16
0x9691d9cdb365d25d:0xe7fc112731895cc0,"Coquimbo, Chile",570,1.4471,0:00:17
0x91ab84e637e41c37:0xc3611b3d661e4f51,"Nuevo Chimbote, Peru",568,1.4964,0:00:18
0x8f67b3933f2bee1d:0x90b12371e90b1489,"Puerto Cortés, Cortés, Honduras",567,1.424,0:00:16
0x8e648721ba42e8dd:0x5df63fea56d56c66,"Mérida, Venezuela",566,1.4981,0:00:17
0x8eae2dee3ffb7057:0xdf0e765fe8758223,"San Francisco de Macorís, República Dominicana",564,1.4436,0:00:16
0x96814029a33cd497:0xbff3a3a0233cfcb3,"San Juan, Argentina",564,1.5,0:00:17
0x86795132d7b7f193:0x42b200757d7f08d6,"Cidade de Victoria, Tamaulipas, México",563,1.3414,0:00:16
0x88541fc4fc381a81:0x884650e6bf43d164,"Charlotte, NC, EUA",556,1.5285,0:00:19
0x8688212473e1e9f3:0xa69fbdd995c3dd5d,"García, Nuevo León, México",551,1.3135,0:00:15
0x94f67c233f9aef0b:0xbb1f5e066158f98a,"Minga Guazú, Paraguai",550,1.3905,0:00:17
0x96814004279d4c2b:0x1848f9fba0d9e9e9,"Villa Krause, San Juan, Argentina",549,1.3091,0:00:16
0x91ea10b0e440c1cb:0x9210b8d7040a6692,"Iquitos, Peru",548,1.5118,0:00:19
0x95a32e38e45f5777:0x6a86dac21334524f,"Quilmes, Buenos Aires, Argentina",547,1.3102,0:00:16
0xd11cfe6d744284b:0xd82baac110b40f83,"Huelva, Espanha",542,1.2949,0:00:16
0x8fa0e56b6bcf80eb:0x54d356624cc344df,"Heredia Province, San Francisco, Costa Rica",539,1.6781,0:00:21
0xd72d809904dabdf:0xe6c9db907b5ecab,"Marbella, Málaga, Espanha",538,1.2482,0:00:15
0x8fa14e8cd3c88ae7:0xbcc6640ee670d259,"San José, San Isidro de El General, Costa Rica",538,1.6895,0:00:21
0xd43ac63987ff53b:0x800a702e2c07492e,"Guadalajara, Espanha",537,1.2693,0:00:15
0x876b80aa231f17cf:0x118ef4f8278a36d6,"Denver, CO, EUA",536,1.2507,0:00:15
0x95d2000fbdd02247:0xc58d0a705d7cc0e3,"Río Cuarto, Córdova, Argentina",536,1.3339,0:00:16
0x8f633a79b806a715:0xe43f0f3bb2232f5c,"Mejicanos, El Salvador",534,1.3733,0:00:17
0x85d30b6be9806eb5:0xfabddb9e7679cd43,"San Juan del Río, Querétaro, México",534,1.2623,0:00:15
0x4cc91a541c64b70d:0x654e3138211fefef,"Montreal, Quebec, Canadá",532,1.2496,0:00:15
0x8ea8b9e714719af5:0x1aba6440788dcaac,"Higüey, República Dominicana",532,1.4342,0:00:17
0x91d3a8255b072981:0xcb8509cd0a3fdf99,"Riobamba, Equador",529,1.378,0:00:17
0x85c502a4c0439f05:0xd83faa836b275780,"Orizaba, Veracruz, México",523,1.2715,0:00:16
0xd2ffeb5bc5378eb:0x295326a374bca39c,"Ourense, Espanha",519,1.1375,0:00:16
0x91b0a08d45de2063:0xdc027cb4043f446c,"Tarapoto, Peru",519,1.4131,0:00:18
0x95a32f348c2fbdbf:0x80217bd276933f07,"Berazategui, Buenos Aires, Argentina",519,1.7408,0:00:21
0x86e73f8bc5fe3b69:0xe39184e3ab9d0222,"El Paso, TX, EUA",518,1.231,0:00:15
0x12bae72798c8fdab:0xaf3845b6a5296a6f,"Girona, Espanha",515,1.3192,0:00:16
0x842aa1a83f448a77:0x90910a92bc0353e1,"Soledad de Graciano Sánchez, San Luis Potosí, México",515,1.2268,0:00:15
0x85d1f14690ee3d9b:0x401db193508a28fe,"Coacalco, State of Mexico, México",514,1.3206,0:00:16
0x8fa065f26425a581:0xe36bb83779dd2b95,"Alajuela Province, Ciudad Quesada, Costa Rica",512,1.2663,0:00:17
0x95bc9611853ee5a9:0xb59dc1e835bb775d,"Trujui, Buenos Aires, Argentina",512,1.3088,0:00:17
0xd6051c7fe680011:0xaf232fc62a915f0c,"Torrent, Valência, Espanha",510,1.1609,0:00:15
0x8e7dc10037df79af:0x551f490fdeb60ab9,"Araure, Portuguesa, Venezuela",509,1.3494,0:00:16
0x945ee901f136cea1:0xfd976e8e54257598,"Cel. Oviedo, Paraguai",509,1.1771,0:00:15
0x12a6e048e73bd37f:0xa0d32ea2d259aaaf,"Lérida, Espanha",508,1.1945,0:00:16
0x842f526e34237785:0x27ad8bcb076f4e80,"Hacienda Santa Fe, Jalisco, México",504,1.2337,0:00:16
0x8f62e8a88f74c611:0x334dedcda18267cd,"Santa Ana, El Salvador",503,1.2255,0:00:16
0x47d8a00baf21de75:0x52963a5addd52a99,"Londres, Reino Unido",502,1.2326,0:00:17
0x95bca284d6e2c8df:0x34043c0a31f4cdd,"Grand Bourg, Buenos Aires Province, Argentina",501,1.2787,0:00:18
0x95bcc0fc60b0362f:0x6586b8e874e815f1,"Libertad, Buenos Aires, Argentina",500,1.2321,0:00:16
0x8c036a125be72bc7:0x2cf2873498faa3da,"Bayamón, Porto Rico",497,1.2659,0:00:17
0xd42371b975e66b7:0x4917503ef510ad8e,"Torrejón de Ardoz, Madri, Espanha",497,1.2278,0:00:17
0x95bc8e48e4cd75cb:0xaa5203098e3dc2c3,"Gen. Rodríguez, Buenos Aires, Argentina",495,1.1739,0:00:15
0x91ab8112708821bf:0x899a55147bf9f18d,"Chimbote, Peru",494,1.3309,0:00:19
0xd63aa38720ffc79:0xd220b907f2229dc6,"Torrevieja, Alicante, Espanha",487,1.1567,0:00:16
0x85f107095727efc5:0x9d5f9130697691c5,"Ciudad del Carmen, Campeche, México",484,1.1543,0:00:16
0x95bc9cb6643d2003:0xa8da0402f634b636,"Pilar, Buenos Aires, Argentina",481,1.2377,0:00:17
0x8e2a3ca1785b375d:0x85703f133e056adb,"Ibarra, Equador",478,1.2175,0:00:16
0x9457c7e933b672fb:0xcf00ff3bc613fb6a,"Garupá, Misiones, Argentina",477,1.2461,0:00:17
0x9142360c24fc64b5:0x6607d4cd6a9ce4ff,"Cerro Colorado, Peru",476,1.2489,0:00:17
0x945da3f58794f5dd:0x63c52fcbdf075580,"Mariano Roque Alonso, Paraguai",472,1.0685,0:00:15
0x8f711f92bb8f7a77:0x3ab5c06f64ea313c,"León, Nicarágua",471,1.2552,0:00:18
0xc409f1495af39dd:0xb63505e6830a024,"Vecindario, Las Palmas, Espanha",470,1.1219,0:00:16
0x8e78812d0469f7b5:0x9f2752ab80a1cd1e,"San Fernando de Apure , Apure, Venezuela",466,1.1214,0:00:15
0x95bcc69988a6f913:0x8aa647a5f9175a20,"B Rafael Castillo, Buenos Aires, Argentina",466,1.1138,0:00:16
0x915aa98ad932c235:0x27f5886c04d8d71d,"Arica, Arica e Parinacota, Chile",464,1.3086,0:00:19
0xd31ce80b130876d:0x1f305fbf2867050c,"Lugo, Espanha",458,1.0635,0:00:15
0x132f6196f9928ebb:0xb90f770693656e38,"Roma, Itália",455,1.1025,0:00:16
0x85c582bb9b474927:0x181452bc07d211eb,"Tehuacán, Puebla, México",450,1.0159,0:00:16
0x8fd4beb08afdae79:0x58e2517154076f6,"Esmeraldas, Equador",448,1.1503,0:00:16
0x959f89be072f3b0d:0x86f11dff6ff4092a,"Ciudad de la Costa, Canelones, Uruguai",442,1.0431,0:00:16
0x8589087288cca505:0xb758612505ee89f1,"Amatitlán, Guatemala",441,1.0414,0:00:16
0xd41892d0db41ee3:0x56cefdbd91fdc2cf,"Alcorcón, Madri, Espanha",441,1.0053,0:00:16
0x8425453ee675017d:0xb7b213275f421382,"Villa de Álvarez, Colima, México",434,1.0287,0:00:15
0x9689dde3de20cec7:0xeb0a3a8cbfe19b76,"Valparaíso, Chile",430,1.0345,0:00:15
0x8e28224dff51f359:0x257be276ec83f69f,"Nueva Loja, Equador",429,1.2005,0:00:18
0x8e80cf3350f37fd9:0xda3f386ac384deb6,"San Felipe, Yaracuy, Venezuela",426,1.082,0:00:16
0x12a150e4b86d9e5d:0x2e2190d249deced2,"Reus, Tarragona, Espanha",425,1.0411,0:00:16
0x47e66e1f06e2b70f:0x40b82c3688c9460,"Paris, França",424,1.896,0:00:29
0xd6dd713cb5302c7:0x9cfb2c858b405702,"Jaén, Espanha",422,1.0353,0:00:15
0x85c341043759f1cd:0x3476e3425e42c7a7,"Veracruz, Ver., México",421,1.0754,0:00:17
0x95bcd2d1bb6a519b:0x4071a66f4decfb23,"B Temperley, Buenos Aires, Argentina",419,0.986,0:00:16
0x10669ee448712c1f:0x97809ed666b1df0c,"Malabo, Guiné Equatorial",419,1.2513,0:00:19
0xd0dd25724ec240f:0x40463fd8ca03b00,"Cádis, Espanha",418,0.9411,0:00:15
0x95c2cd07f7558a33:0x7bda8c2a7b70fd81,"Santa Rosa, La Pampa, Argentina",418,0.9892,0:00:15
0x89d4cb90d7c63ba5:0x323555502ab4c477,"Toronto, ON, Canadá",417,1.0492,0:00:15
0x945db15afebf712b:0xe2536c4a162fa086,"Areguá, Paraguai",416,0.9316,0:00:13
0x95bcd49a149975bd:0xcc1f98519388f175,"B Burzaco, Buenos Aires, Argentina",415,1.0226,0:00:16
0x91ad3e63892b89a1:0x279c6cd8321028a5,"La Esperanza, Peru",414,1.1051,0:00:18
0x8e8043a1c3b66a27:0xa4de8d10f20e3206,"Guacara, Carabobo, Venezuela",413,1.0312,0:00:16
0x91424b60cb347581:0x76922d9aa76602c,"Paucarpata, Peru",413,1.0577,0:00:17
0xd16e43eac5f354d:0x688c7e359714a4a9,"Badajoz, Espanha",413,1.0219,0:00:16
0x8f6595a3b6d8afe3:0x3dab665e36cbd548,"Siguatepeque, Comayagua, Honduras",413,1.0772,0:00:17
0x902e069afccbb0c5:0x72915e172091f926,"La Libertad, Equador",412,1.1121,0:00:19
0x95cc42fb51306dc1:0xbfb3fffbd425c6b1,"Villa María, Córdova, Argentina",412,0.9701,0:00:16
0x9406380bee269fbf:0xf8c9771ffb09d1c3,"Tarija, Bolívia",412,1.0383,0:00:17
0x94412d1f9ecf5615:0xfd74c63031fbfa5c,"Presidencia Roque Sáenz Peña, Chaco, Argentina",410,1.2023,0:00:19
0x86af4af389e508a1:0x4ba4df62c1a2b868,"Cabo San Lucas, Baixa Califórnia Sur, México",410,0.9966,0:00:16
0x95bcbf7809861d5d:0x6bc97859fd9d3d86,"Ituzaingó, Buenos Aires, Argentina",408,1.0961,0:00:17
0x961a7b1520c860e5:0x8210ae97cb7b9a65,"Bariloche, Río Negro, Argentina",408,0.9701,0:00:15
0x945c4c5996bea809:0x651bf2c04b3a29bd,"Julián Augusto Saldívar, Paraguai",405,0.9476,0:00:17
0x8f70f1ec32d7ec3f:0x53e0a1538f9602ec,"Chinandega, Nicarágua",401,1.0692,0:00:18
0x86f594de5575218f:0x7163296ef3fd2c3d,"Ciudad Acuña, Coahuila, México",401,0.9616,0:00:16
0x945dab6617b1175b:0xa90f41536698903c,"San Antonio, Paraguai",400,0.8558,0:00:15
0x8c2ae2ffe045d759:0x1fe5bd1ffddca150,"Santa Teresa del Tuy, Miranda, Venezuela",395,0.984,0:00:16
0x8e8053cf547daa23:0x3efe625c02f77c32,"Puerto Cabello, Carabobo, Venezuela",394,1.0105,0:00:16
0x8eb1d72aa6201ce1:0x810944626e39e693,"Moca, República Dominicana",394,0.9759,0:00:16
0x8f6409dd7fbd8951:0x4b662821adfd68ee,"Santa Rosa de Copán, Copán, Honduras",392,1.1341,0:00:19
0x90338d2b3a3c6f9b:0xf96e656902d0dbf3,"Tumbes, Peru",392,1.1516,0:00:19
0xd6204dca62575c3:0x219fa90c0ff26eb5,"Benidorm, Alicante, Espanha",391,1.0662,0:00:18
0x94f8f54706b1b501:0x2a4796c88edb4c9,"Oberá, Misiones, Argentina",390,0.9517,0:00:15
0xd72e23e102ffa23:0x2058dc519b1962f4,"Fuengirola, Málaga, Espanha",390,0.9578,0:00:16
0x8f715144c75bdaff:0xa98733256bab9134,"Ciudad Sandino, Nicarágua",390,0.9491,0:00:15
0x902cea0cedf95f2b:0xf35a7068acdb6056,"Vinces, Equador",390,1.2749,0:00:21
0x94669d6536f5c1ad:0xa9fca55bcc451dec,"Concepción, Paraguai",388,0.8714,0:00:15
0xd422c5a19ff0af9:0xf46192b7b31372ca,"Alcobendas, Madri, Espanha",388,0.903,0:00:15
0x8eaf8ba84d6eed89:0x11d1e6cc646f019c,"Pantoja, República Dominicana",387,1.0972,0:00:19
0x80d605ff306699ad:0x844b9fa27d5ddb79,"San Luis Río Colorado, Sonora, México",387,0.9071,0:00:15
0x8f66d900353cc791:0x9535f528e9809279,"Puerto Barrios, Guatemala",387,0.9931,0:00:16
0x945ecc42e3757fb1:0x88ef83d89320b7c5,"Villarrica, Paraguai",385,0.9151,0:00:16
0x9669c8305a6a641d:0xffd64c34d211b06d,"San Pedro de la Paz, Bío-Bío, Chile",383,0.9745,0:00:18
0x842c85091a5c9245:0xe7056e4729b35eac,"Salamanca, Guanajuato, México",380,0.993,0:00:17
0x902ab5af7dae0671:0x418a180a2a491f03,"El Carmen, Equador",380,0.9368,0:00:16
0xd0c9496ba5d5751:0xa626ca859cd81ce9,"Reino de Algeciras, Cádis, Espanha",376,0.8779,0:00:16
0xd15dfe1495a2363:0x690bbafe8741c23,"Cáceres, Espanha",374,0.8778,0:00:15
0x9668d7c2b6f00259:0x14fe84c4f1092ea8,"Chillán, Ñuble, Chile",371,0.9,0:00:17
0x95bcba4729575293:0x96c53f33ed00b85c,"José León Suárez, Buenos Aires, Argentina",369,0.924,0:00:17
0x9152f363f8369935:0x2a57aaaea9c94930,"Iquique, Tarapacá, Chile",362,0.9021,0:00:16
0x95911f9b2733946f:0xceef2c76899c202d,"Tandil, Buenos Aires, Argentina",359,0.8285,0:00:15
0x967e750503408331:0xd4c62bb79373bea4,"Luján de Cuyo, Mendoza, Argentina",357,0.8422,0:00:15
0xd423c0de6c9b919:0x9014cc03cd201292,"Rivas-Vaciamadrid, Madri, Espanha",356,0.8537,0:00:14
0xd2f71cf339da6d7:0x6d5b163a1be431d4,"Pontevedra, Espanha",353,0.8268,0:00:15
0x12a4b518d7addc71:0xd6b932f372b5918,"Mataró, Barcelona, Espanha",352,0.8365,0:00:16
0x8e6328692ebdd3d5:0xd3d8efa5fb790d11,"Valera, Trujillo, Venezuela",351,0.959,0:00:18
0xc46276fc5b3ba57:0x93c5d5f6589a2ec4,"Arrecife, Las Palmas, Espanha",350,0.8398,0:00:16
0x93fbc8bc8187832f:0xbd9df259af1bee96,"Sucre, Bolívia",350,0.9,0:00:17
0x8e7cf41c9cd69a57:0x3742dfb0d1bf7894,"Guanare , Portuguesa, Venezuela",349,0.938,0:00:18
0x8c2baad2d9120f71:0x7656864d0ea3f36e,"Guarenas, Miranda, Venezuela",348,0.8801,0:00:15
0x8c318eb15e88facb:0x572c9f31e33c6951,"Porlamar, Nova Esparta, Venezuela",347,0.9012,0:00:16
0x95bcd261abf8fb75:0xd3b4119f62723032,"Lomas de Zamora, Buenos Aires, Argentina",343,0.9119,0:00:17
0x967e42fe55fa3acf:0x1675e9efa43d9102,"San Martín, Mendoza, Argentina",339,0.8401,0:00:16
0x842545523455a217:0xb6b497fc5af555e6,"Colima, México",338,0.8214,0:00:16
0x842f81324a07f033:0x98b0f77f8e5f8784,"Ciudad Guzmán, Jalisco, México",337,0.7708,0:00:14
0xd47b1c905911a11:0x99b988742379a0dd,"Palência, Espanha",336,0.7923,0:00:15
0x91106588b35e8471:0xef3ec658a5cea446,"Pisco, Peru",335,0.9326,0:00:19
0x8e7dc19d40d5ff1f:0x1332767b7e11bd1a,"Acarigua, Portuguesa, Venezuela",334,0.8866,0:00:17
0x8f6bcbe684849eeb:0x827c147826f4875f,"Tocoa, Colón, Honduras",331,0.9438,0:00:19
0x8e8021ea622669d7:0x5e2ed722c664e651,"Cagua , Aragua, Venezuela",328,0.8153,0:00:15
0x95caae460db27c0f:0x8be1b926d473c17b,"Rafaela, Santa Fé, Argentina",327,0.8156,0:00:16
0x89c25370329a0e1d:0xe1bcdc2adcfee473,"Newark, NJ, EUA",326,0.7616,0:00:16
0x8fa0e32cca9103e1:0x576b84d0c33ecd0b,"San José Province, Alajuelita, Costa Rica",324,0.7971,0:00:17
0x86824e7a3fc33357:0xcc03ab5f094213c1,"Zacatecas, México",323,0.8137,0:00:16
0x8f665f93cb0e8e5d:0xf3d686cd597e2c85,"Cofradía, Cortés, Honduras",323,0.8328,0:00:17
0x85cb93e8987186a5:0x6c85ef125865ef96,"Chilpancingo, Guerrero, México",321,0.8062,0:00:16
0x9662dd285b2c673f:0xfcd19ca5936c866d,"Maipú, Maipu, Santiago, Chile",321,0.754,0:00:15
0x90364410f084ae17:0x74f8c2134d31a8a8,"Talara, Peru",319,0.8627,0:00:18
0x95bc9748b3e9ceb3:0xbafa997de28bae59,"Cuartel V, Buenos Aires Province, Argentina",317,0.8179,0:00:17
0x85cc38746a6206a7:0x57de5f5c8c64c42b,"Iguala de la Independencia, Guerrero, México",316,0.769,0:00:16
0x942d6640d6777c71:0x75c24ab6cb121bed,"Villa Carlos Paz, Córdova, Argentina",315,0.8374,0:00:16
0x945c533f5fd85bcd:0x9c271a6901e83ac1,"Ypané, Paraguai",313,0.7207,0:00:15
0x904ced92aa289a0b:0xf0aaf8e50d58774b,"Lambayeque, Peru",311,0.7787,0:00:17
0x8dd48518263d5483:0x3ff11a8027efef97,"Valle De La Pascua , Guárico, Venezuela",310,0.8062,0:00:16
0x5490102c93e83355:0x102565466944d59a,"Seattle, WA, EUA",309,0.7155,0:00:14
0x85d3457dea81b73d:0x21e761a9b4140f19,"El Pueblito, Qro., México",309,0.7134,0:00:15
0x95a32d5de61a58d3:0x1aad9afcad7e4b08,"B Monte Chingolo, Buenos Aires, Argentina",309,0.7892,0:00:17
0x95bb61ad1ddf8915:0x70f239e49e8c37af,"Belén de Escobar, Buenos Aires, Argentina",308,0.8863,0:00:19
0x95bc9f23fafe2d1f:0x4c253e978915b480,"Manuel Alberti, Buenos Aires Province, Argentina",306,0.7344,0:00:17
0x8f6e682d6789a60b:0x74cdede2bb676116,"Danlí, El Paraíso, Honduras",305,0.8205,0:00:17
0x9681471c647397c5:0xa9c46b1b92a8161,"Rivadavia, San Juan, Argentina",305,0.7575,0:00:16
0x9615ee891aab33e5:0x35c9b4ab79b2d79b,"Valdivia, Los Rios, Chile",305,0.7991,0:00:18
0x88d52c2af854ff97:0xb8a9fe882f36d05a,"Santa Clara, Cuba",304,0.8306,0:00:17
0x88e5b716f1ceafeb:0xc4cd7d3896fcc7e2,"Jacksonville, Flórida, EUA",303,0.7495,0:00:16
0x80dcd6f98055e867:0x1ab89ab9a2bb160,"Anaheim, CA, EUA",300,0.685,0:00:15
0x8f718c42c00bc1ad:0x90de1ab352954a6f,"Estelí, Nicarágua",299,0.7442,0:00:17
0x8424d43417bb3e19:0xddb3e9aae7750d4b,"Manzanillo, Colima, México",299,1.1054,0:00:24
0x8fd4bf06a963dbd7:0x14bc60e519d592f6,"Vuelta Larga, Equador",298,0.7667,0:00:17
0x91a90d0e2fd69969:0x89950cf26668d6be,"Huaraz, Peru",297,0.7571,0:00:16
0xd421ec0155a7707:0xe6f304a39ba292f,"Valdemoro, Madri, Espanha",297,0.7204,0:00:15
0x95bcc622f9709805:0xb5f373c7721a50a5,"San Justo, Buenos Aires, Argentina",297,0.7205,0:00:16
0x945da97c0c9331d5:0x9efbbc19d11a197,"Villa Elisa, Paraguai",296,0.6505,0:00:14
0x8e640c3de430a1bd:0x2c184cb1f6297dec,"El Vigía , Mérida, Venezuela",295,0.7658,0:00:16
0x85ce6ed773c83077:0x7d5e33c716a5c4c4,"Cuautla, Morelos, México",295,0.6801,0:00:15
0x8e8062fe91b8d2ab:0x1b5d22d4719f09d8,"Tocuyito, Carabobo, Venezuela",294,0.7357,0:00:16
0x95bb0b6a92357b4d:0x5f7d9ac7c145085d,"Zárate, Buenos Aires, Argentina",293,0.7037,0:00:15
0x8c035b31376e8395:0x63e430b49e46ffe9,"Caguas, Porto Rico",291,0.8315,0:00:18
0x95b76793f9b400f7:0x622348daf45e89b1,"San Nicolás de los Arroyos, Buenos Aires, Argentina",290,0.7205,0:00:15
0x95bcce18b4f9bb7f:0x6c2dfd7d69fa19a5,"de Abril, Buenos Aires Province, Argentina",289,0.7238,0:00:16
0x903314f5cc25b7fb:0xf5dde5fd53ac850d,"Pasaje, Equador",288,0.763,0:00:18
0x94f76e75d69d55cd:0x125744858e20bdca,"Eldorado, Misiones, Argentina",287,0.6993,0:00:16
0x91127d88f5b2bee9:0xe9b3cb843a70a16e,"Ayacucho, Peru",286,0.7769,0:00:19
0x8f757d2a8a1c08e5:0xb2f8a494fb368393,"Guanacaste, Libéria, Costa Rica",286,0.683,0:00:15
0x902b49e718c0347f:0xc8b452285af0d173,"Buena Fe, Equador",286,0.8399,0:00:21
0xbdb6f952b21c66e5:0xab7c41f247647102,"Río Gallegos, Santa Cruz, Argentina",285,0.7146,0:00:15
0x8e89cfd18ee233f1:0x6e7bd941b5edce8e,"Ciudad Ojeda, Zulia, Venezuela",285,0.7158,0:00:16
0x868308b1bfadd021:0xa4d002f8f9c15a2b,"Fresnillo, Zacatecas, México",281,0.6427,0:00:15
Mostrando os primeiros 500 resultados
